<?xml version="1.0"?>
<!--<!DOCTYPE metadata SYSTEM "http://www.esri.com/metadata/esriprof80.dtd">-->
<metadata xml:lang="en"><Esri><CreaDate>20100907</CreaDate><CreaTime>10340100</CreaTime><SyncOnce>FALSE</SyncOnce><SyncDate>20100825</SyncDate><SyncTime>13233100</SyncTime><ModDate>20100825</ModDate><ModTime>13233100</ModTime><DataProperties><lineage><Process ToolSource="C:\Program Files\ArcGIS\ArcToolbox\Toolboxes\Conversion Tools.tbx\FeatureClassToFeatureClass" Date="20100825" Time="132403">FeatureClassToFeatureClass N:\Data_Development\Street\Centerline_0810\streetcl.shp D:\GISData\Baltimore\csr.gdb\basemap streetcl ""PLACE" = 'BALTIMORE CITY'" "OBJECTID 'OBJECTID' true true false 9 Long 0 9 ,First,#,N:\Data_Development\Street\Centerline_0810\streetcl.shp,OBJECTID,-1,-1;TAG 'TAG' true true false 15 Text 0 0 ,First,#,N:\Data_Development\Street\Centerline_0810\streetcl.shp,TAG,-1,-1;LAST_ORG 'LAST_ORG' true true false 3 Text 0 0 ,First,#,N:\Data_Development\Street\Centerline_0810\streetcl.shp,LAST_ORG,-1,-1;CAPTURE_ME 'CAPTURE_ME' true true false 4 Text 0 0 ,First,#,N:\Data_Development\Street\Centerline_0810\streetcl.shp,CAPTURE_ME,-1,-1;LAST_USER 'LAST_USER' true true false 20 Text 0 0 ,First,#,N:\Data_Development\Street\Centerline_0810\streetcl.shp,LAST_USER,-1,-1;EDIT_DATE 'EDIT_DATE' true true false 8 Date 0 0 ,First,#,N:\Data_Development\Street\Centerline_0810\streetcl.shp,EDIT_DATE,-1,-1;TYPE 'TYPE' true true false 3 Text 0 0 ,First,#,N:\Data_Development\Street\Centerline_0810\streetcl.shp,TYPE,-1,-1;SUBTYPE 'SUBTYPE' true true false 6 Text 0 0 ,First,#,N:\Data_Development\Street\Centerline_0810\streetcl.shp,SUBTYPE,-1,-1;DIRPRE 'DIRPRE' true true false 2 Text 0 0 ,First,#,N:\Data_Development\Street\Centerline_0810\streetcl.shp,DIRPRE,-1,-1;FEANME 'FEANME' true true false 50 Text 0 0 ,First,#,N:\Data_Development\Street\Centerline_0810\streetcl.shp,FEANME,-1,-1;FEATYPE 'FEATYPE' true true false 4 Text 0 0 ,First,#,N:\Data_Development\Street\Centerline_0810\streetcl.shp,FEATYPE,-1,-1;DIRSUF 'DIRSUF' true true false 2 Text 0 0 ,First,#,N:\Data_Development\Street\Centerline_0810\streetcl.shp,DIRSUF,-1,-1;FRADDL 'FRADDL' true true false 9 Long 0 9 ,First,#,N:\Data_Development\Street\Centerline_0810\streetcl.shp,FRADDL,-1,-1;TOADDL 'TOADDL' true true false 9 Long 0 9 ,First,#,N:\Data_Development\Street\Centerline_0810\streetcl.shp,TOADDL,-1,-1;FRADDR 'FRADDR' true true false 9 Long 0 9 ,First,#,N:\Data_Development\Street\Centerline_0810\streetcl.shp,FRADDR,-1,-1;TOADDR 'TOADDR' true true false 9 Long 0 9 ,First,#,N:\Data_Development\Street\Centerline_0810\streetcl.shp,TOADDR,-1,-1;FRADDLA 'FRADDLA' true true false 9 Long 0 9 ,First,#,N:\Data_Development\Street\Centerline_0810\streetcl.shp,FRADDLA,-1,-1;TOADDLA 'TOADDLA' true true false 9 Long 0 9 ,First,#,N:\Data_Development\Street\Centerline_0810\streetcl.shp,TOADDLA,-1,-1;FRADDRA 'FRADDRA' true true false 9 Long 0 9 ,First,#,N:\Data_Development\Street\Centerline_0810\streetcl.shp,FRADDRA,-1,-1;TOADDRA 'TOADDRA' true true false 9 Long 0 9 ,First,#,N:\Data_Development\Street\Centerline_0810\streetcl.shp,TOADDRA,-1,-1;LEFTZIP 'LEFTZIP' true true false 10 Text 0 0 ,First,#,N:\Data_Development\Street\Centerline_0810\streetcl.shp,LEFTZIP,-1,-1;RIGHTZIP 'RIGHTZIP' true true false 10 Text 0 0 ,First,#,N:\Data_Development\Street\Centerline_0810\streetcl.shp,RIGHTZIP,-1,-1;FULLNAME 'FULLNAME' true true false 100 Text 0 0 ,First,#,N:\Data_Development\Street\Centerline_0810\streetcl.shp,FULLNAME,-1,-1;SHA_CLASS 'SHA_CLASS' true true false 4 Text 0 0 ,First,#,N:\Data_Development\Street\Centerline_0810\streetcl.shp,SHA_CLASS,-1,-1;SHAPE_Leng 'SHAPE_Leng' true true false 19 Double 0 0 ,First,#,N:\Data_Development\Street\Centerline_0810\streetcl.shp,SHAPE_Leng,-1,-1;PLACE 'PLACE' true true false 25 Text 0 0 ,First,#,N:\Data_Development\Street\Centerline_0810\streetcl.shp,PLACE,-1,-1;BLOCKTEXT 'BLOCKTEXT' true true false 50 Text 0 0 ,First,#,N:\Data_Development\Street\Centerline_0810\streetcl.shp,BLOCKTEXT,-1,-1;BLOCK_NUM 'BLOCK_NUM' true true false 4 Short 0 4 ,First,#,N:\Data_Development\Street\Centerline_0810\streetcl.shp,BLOCK_NUM,-1,-1" # D:\GISData\Baltimore\csr.gdb\basemap\streetcl</Process></lineage></DataProperties><MetaID>{B94B3FED-1A2D-4DC1-BA14-4FCCFB36974A}</MetaID></Esri><idinfo><native Sync="TRUE">Microsoft Windows XP Version 5.1 (Build 2600) Service Pack 3; ESRI ArcCatalog 9.3.1.3500</native><descript><langdata Sync="TRUE">en</langdata><abstract>REQUIRED: A brief narrative summary of the data set.</abstract><purpose>REQUIRED: A summary of the intentions with which the data set was developed.</purpose></descript><citation><citeinfo><origin>REQUIRED: The name of an organization or individual that developed the data set.</origin><pubdate>REQUIRED: The date when the data set is published or otherwise made available for release.</pubdate><title Sync="TRUE">streetcl</title><ftname Sync="TRUE">streetcl</ftname><geoform Sync="TRUE">vector digital data</geoform><onlink Sync="TRUE">\\Balt-gis01-srv\geodev\Data_Distribution\Web_Data\shp\streetcl</onlink></citeinfo></citation><timeperd><current>REQUIRED: The basis on which the time period of content information is determined.</current><timeinfo><sngdate><caldate>REQUIRED: The year (and optionally month, or month and day) for which the data set corresponds to the ground.</caldate></sngdate></timeinfo></timeperd><status><progress>REQUIRED: The state of the data set.</progress><update>REQUIRED: The frequency with which changes and additions are made to the data set after the initial data set is completed.</update></status><spdom><bounding><westbc Sync="TRUE">REQUIRED: Western-most coordinate of the limit of coverage expressed in longitude.</westbc><eastbc Sync="TRUE">REQUIRED: Eastern-most coordinate of the limit of coverage expressed in longitude.</eastbc><northbc Sync="TRUE">REQUIRED: Northern-most coordinate of the limit of coverage expressed in latitude.</northbc><southbc Sync="TRUE">REQUIRED: Southern-most coordinate of the limit of coverage expressed in latitude.</southbc></bounding></spdom><keywords><theme><themekt>REQUIRED: Reference to a formally registered thesaurus or a similar authoritative source of theme keywords.</themekt><themekey>REQUIRED: Common-use word or phrase used to describe the subject of the data set.</themekey></theme></keywords><accconst>REQUIRED: Restrictions and legal prerequisites for accessing the data set.</accconst><useconst>REQUIRED: Restrictions and legal prerequisites for using the data set after access is granted.</useconst><natvform Sync="TRUE">File Geodatabase Feature Class</natvform></idinfo><dataIdInfo><envirDesc Sync="TRUE">Microsoft Windows XP Version 5.1 (Build 2600) Service Pack 3; ESRI ArcCatalog 9.3.1.3500</envirDesc><dataLang><languageCode Sync="TRUE" value="en"></languageCode></dataLang><idCitation><resTitle Sync="TRUE">streetcl</resTitle></idCitation></dataIdInfo><metainfo><langmeta Sync="TRUE">en</langmeta><metstdn Sync="TRUE">FGDC Content Standards for Digital Geospatial Metadata</metstdn><metstdv Sync="TRUE">FGDC-STD-001-1998</metstdv><mettc Sync="TRUE">local time</mettc><metextns><onlink Sync="TRUE">http://www.esri.com/metadata/esriprof80.html</onlink><metprof Sync="TRUE">ESRI Metadata Profile</metprof></metextns><metc><cntinfo><cntorgp><cntper>REQUIRED: The person responsible for the metadata information.</cntper><cntorg>REQUIRED: The organization responsible for the metadata information.</cntorg></cntorgp><cntaddr><addrtype>REQUIRED: The mailing and/or physical address for the organization or individual.</addrtype><city>REQUIRED: The city of the address.</city><state>REQUIRED: The state or province of the address.</state><postal>REQUIRED: The ZIP or other postal code of the address.</postal></cntaddr><cntvoice>REQUIRED: The telephone number by which individuals can speak to the organization or individual.</cntvoice></cntinfo></metc><metd Sync="TRUE">20100825</metd></metainfo><mdLang><languageCode Sync="TRUE" value="en"></languageCode></mdLang><mdStanName Sync="TRUE">ISO 19115 Geographic Information - Metadata</mdStanName><mdStanVer Sync="TRUE">DIS_ESRI1.0</mdStanVer><mdChar><CharSetCd Sync="TRUE" value="004"></CharSetCd></mdChar><mdHrLv><ScopeCd Sync="TRUE" value="005"></ScopeCd></mdHrLv><mdHrLvName Sync="TRUE">dataset</mdHrLvName><distinfo><resdesc Sync="TRUE">Downloadable Data</resdesc></distinfo><distInfo><distributor><distorTran><onLineSrc><orDesc Sync="TRUE">002</orDesc><linkage Sync="TRUE">file://\\Balt-gis01-srv\geodev\Data_Distribution\Web_Data\shp\streetcl</linkage><protocol Sync="TRUE">Local Area Network</protocol></onLineSrc></distorTran><distorFormat><formatName Sync="TRUE">File Geodatabase Feature Class</formatName></distorFormat></distributor></distInfo><spdoinfo><direct Sync="TRUE">Vector</direct><ptvctinf><esriterm Name="streetcl"><efeatyp Sync="TRUE">Simple</efeatyp><efeageom Sync="TRUE">Polyline</efeageom><esritopo Sync="TRUE">FALSE</esritopo><efeacnt Sync="TRUE">0</efeacnt><spindex Sync="TRUE">TRUE</spindex><linrefer Sync="TRUE">FALSE</linrefer></esriterm><sdtsterm Name="streetcl"><sdtstype Sync="TRUE">String</sdtstype><ptvctcnt Sync="TRUE">0</ptvctcnt></sdtsterm></ptvctinf></spdoinfo><spref><horizsys><cordsysn><geogcsn Sync="TRUE">GCS_North_American_1983</geogcsn><projcsn Sync="TRUE">NAD_1983_StatePlane_Maryland_FIPS_1900_Feet</projcsn></cordsysn><planar><mapproj><mapprojn Sync="TRUE">Lambert Conformal Conic</mapprojn><lambertc><stdparll Sync="TRUE">38.300000</stdparll><stdparll Sync="TRUE">39.450000</stdparll><longcm Sync="TRUE">-77.000000</longcm><latprjo Sync="TRUE">37.666667</latprjo><feast Sync="TRUE">1312333.333333</feast><fnorth Sync="TRUE">0.000000</fnorth></lambertc></mapproj><planci><plance Sync="TRUE">coordinate pair</plance><plandu Sync="TRUE">survey feet</plandu><coordrep><absres Sync="TRUE">0.000328</absres><ordres Sync="TRUE">0.000328</ordres></coordrep></planci></planar><geodetic><horizdn Sync="TRUE">North American Datum of 1983</horizdn><ellips Sync="TRUE">Geodetic Reference System 80</ellips><semiaxis Sync="TRUE">6378137.000000</semiaxis><denflat Sync="TRUE">298.257222</denflat></geodetic></horizsys><vertdef><altsys><altenc Sync="TRUE">Explicit elevation coordinate included with horizontal coordinates</altenc><altres Sync="TRUE">0.000100</altres></altsys></vertdef></spref><refSysInfo><RefSystem><refSysID><identCode Sync="TRUE">NAD_1983_StatePlane_Maryland_FIPS_1900_Feet</identCode></refSysID></RefSystem></refSysInfo><spatRepInfo><VectSpatRep><topLvl><TopoLevCd Sync="TRUE" value="001"></TopoLevCd></topLvl><geometObjs Name="streetcl"><geoObjTyp><GeoObjTypCd Sync="TRUE" value="001"></GeoObjTypCd></geoObjTyp><geoObjCnt Sync="TRUE">0</geoObjCnt></geometObjs></VectSpatRep></spatRepInfo><eainfo><detailed Name="streetcl"><enttyp><enttypl Sync="TRUE">streetcl</enttypl><enttypt Sync="TRUE">Feature Class</enttypt><enttypc Sync="TRUE">0</enttypc></enttyp><attr><attrlabl Sync="TRUE">OBJECTID_1</attrlabl><attalias Sync="TRUE">OBJECTID_1</attalias><attrtype Sync="TRUE">OID</attrtype><attwidth Sync="TRUE">4</attwidth><atprecis Sync="TRUE">0</atprecis><attscale Sync="TRUE">0</attscale><attrdef Sync="TRUE">Internal feature number.</attrdef><attrdefs Sync="TRUE">ESRI</attrdefs><attrdomv><udom Sync="TRUE">Sequential unique whole numbers that are automatically generated.</udom></attrdomv></attr><attr><attrlabl Sync="TRUE">Shape</attrlabl><attalias Sync="TRUE">Shape</attalias><attrtype Sync="TRUE">Geometry</attrtype><attwidth Sync="TRUE">0</attwidth><atprecis Sync="TRUE">0</atprecis><attscale Sync="TRUE">0</attscale><attrdef Sync="TRUE">Feature geometry.</attrdef><attrdefs Sync="TRUE">ESRI</attrdefs><attrdomv><udom Sync="TRUE">Coordinates defining the features.</udom></attrdomv></attr><attr><attrlabl Sync="TRUE">OBJECTID</attrlabl><attalias Sync="TRUE">OBJECTID</attalias><attrtype Sync="TRUE">Integer</attrtype><attwidth Sync="TRUE">4</attwidth><atprecis Sync="TRUE">0</atprecis><attscale Sync="TRUE">0</attscale></attr><attr><attrlabl Sync="TRUE">TAG</attrlabl><attalias Sync="TRUE">TAG</attalias><attrtype Sync="TRUE">String</attrtype><attwidth Sync="TRUE">15</attwidth><atprecis Sync="TRUE">0</atprecis><attscale Sync="TRUE">0</attscale></attr><attr><attrlabl Sync="TRUE">LAST_ORG</attrlabl><attalias Sync="TRUE">LAST_ORG</attalias><attrtype Sync="TRUE">String</attrtype><attwidth Sync="TRUE">3</attwidth><atprecis Sync="TRUE">0</atprecis><attscale Sync="TRUE">0</attscale></attr><attr><attrlabl Sync="TRUE">CAPTURE_ME</attrlabl><attalias Sync="TRUE">CAPTURE_ME</attalias><attrtype Sync="TRUE">String</attrtype><attwidth Sync="TRUE">4</attwidth><atprecis Sync="TRUE">0</atprecis><attscale Sync="TRUE">0</attscale></attr><attr><attrlabl Sync="TRUE">LAST_USER</attrlabl><attalias Sync="TRUE">LAST_USER</attalias><attrtype Sync="TRUE">String</attrtype><attwidth Sync="TRUE">20</attwidth><atprecis Sync="TRUE">0</atprecis><attscale Sync="TRUE">0</attscale></attr><attr><attrlabl Sync="TRUE">EDIT_DATE</attrlabl><attalias Sync="TRUE">EDIT_DATE</attalias><attrtype Sync="TRUE">Date</attrtype><attwidth Sync="TRUE">8</attwidth><atprecis Sync="TRUE">0</atprecis><attscale Sync="TRUE">0</attscale></attr><attr><attrlabl Sync="TRUE">TYPE</attrlabl><attalias Sync="TRUE">TYPE</attalias><attrtype Sync="TRUE">String</attrtype><attwidth Sync="TRUE">3</attwidth><atprecis Sync="TRUE">0</atprecis><attscale Sync="TRUE">0</attscale></attr><attr><attrlabl Sync="TRUE">SUBTYPE</attrlabl><attalias Sync="TRUE">SUBTYPE</attalias><attrtype Sync="TRUE">String</attrtype><attwidth Sync="TRUE">6</attwidth><atprecis Sync="TRUE">0</atprecis><attscale Sync="TRUE">0</attscale></attr><attr><attrlabl Sync="TRUE">DIRPRE</attrlabl><attalias Sync="TRUE">DIRPRE</attalias><attrtype Sync="TRUE">String</attrtype><attwidth Sync="TRUE">2</attwidth><atprecis Sync="TRUE">0</atprecis><attscale Sync="TRUE">0</attscale></attr><attr><attrlabl Sync="TRUE">FEANME</attrlabl><attalias Sync="TRUE">FEANME</attalias><attrtype Sync="TRUE">String</attrtype><attwidth Sync="TRUE">50</attwidth><atprecis Sync="TRUE">0</atprecis><attscale Sync="TRUE">0</attscale></attr><attr><attrlabl Sync="TRUE">FEATYPE</attrlabl><attalias Sync="TRUE">FEATYPE</attalias><attrtype Sync="TRUE">String</attrtype><attwidth Sync="TRUE">4</attwidth><atprecis Sync="TRUE">0</atprecis><attscale Sync="TRUE">0</attscale></attr><attr><attrlabl Sync="TRUE">DIRSUF</attrlabl><attalias Sync="TRUE">DIRSUF</attalias><attrtype Sync="TRUE">String</attrtype><attwidth Sync="TRUE">2</attwidth><atprecis Sync="TRUE">0</atprecis><attscale Sync="TRUE">0</attscale></attr><attr><attrlabl Sync="TRUE">FRADDL</attrlabl><attalias Sync="TRUE">FRADDL</attalias><attrtype Sync="TRUE">Integer</attrtype><attwidth Sync="TRUE">4</attwidth><atprecis Sync="TRUE">0</atprecis><attscale Sync="TRUE">0</attscale></attr><attr><attrlabl Sync="TRUE">TOADDL</attrlabl><attalias Sync="TRUE">TOADDL</attalias><attrtype Sync="TRUE">Integer</attrtype><attwidth Sync="TRUE">4</attwidth><atprecis Sync="TRUE">0</atprecis><attscale Sync="TRUE">0</attscale></attr><attr><attrlabl Sync="TRUE">FRADDR</attrlabl><attalias Sync="TRUE">FRADDR</attalias><attrtype Sync="TRUE">Integer</attrtype><attwidth Sync="TRUE">4</attwidth><atprecis Sync="TRUE">0</atprecis><attscale Sync="TRUE">0</attscale></attr><attr><attrlabl Sync="TRUE">TOADDR</attrlabl><attalias Sync="TRUE">TOADDR</attalias><attrtype Sync="TRUE">Integer</attrtype><attwidth Sync="TRUE">4</attwidth><atprecis Sync="TRUE">0</atprecis><attscale Sync="TRUE">0</attscale></attr><attr><attrlabl Sync="TRUE">FRADDLA</attrlabl><attalias Sync="TRUE">FRADDLA</attalias><attrtype Sync="TRUE">Integer</attrtype><attwidth Sync="TRUE">4</attwidth><atprecis Sync="TRUE">0</atprecis><attscale Sync="TRUE">0</attscale></attr><attr><attrlabl Sync="TRUE">TOADDLA</attrlabl><attalias Sync="TRUE">TOADDLA</attalias><attrtype Sync="TRUE">Integer</attrtype><attwidth Sync="TRUE">4</attwidth><atprecis Sync="TRUE">0</atprecis><attscale Sync="TRUE">0</attscale></attr><attr><attrlabl Sync="TRUE">FRADDRA</attrlabl><attalias Sync="TRUE">FRADDRA</attalias><attrtype Sync="TRUE">Integer</attrtype><attwidth Sync="TRUE">4</attwidth><atprecis Sync="TRUE">0</atprecis><attscale Sync="TRUE">0</attscale></attr><attr><attrlabl Sync="TRUE">TOADDRA</attrlabl><attalias Sync="TRUE">TOADDRA</attalias><attrtype Sync="TRUE">Integer</attrtype><attwidth Sync="TRUE">4</attwidth><atprecis Sync="TRUE">0</atprecis><attscale Sync="TRUE">0</attscale></attr><attr><attrlabl Sync="TRUE">LEFTZIP</attrlabl><attalias Sync="TRUE">LEFTZIP</attalias><attrtype Sync="TRUE">String</attrtype><attwidth Sync="TRUE">10</attwidth><atprecis Sync="TRUE">0</atprecis><attscale Sync="TRUE">0</attscale></attr><attr><attrlabl Sync="TRUE">RIGHTZIP</attrlabl><attalias Sync="TRUE">RIGHTZIP</attalias><attrtype Sync="TRUE">String</attrtype><attwidth Sync="TRUE">10</attwidth><atprecis Sync="TRUE">0</atprecis><attscale Sync="TRUE">0</attscale></attr><attr><attrlabl Sync="TRUE">FULLNAME</attrlabl><attalias Sync="TRUE">FULLNAME</attalias><attrtype Sync="TRUE">String</attrtype><attwidth Sync="TRUE">100</attwidth><atprecis Sync="TRUE">0</atprecis><attscale Sync="TRUE">0</attscale></attr><attr><attrlabl Sync="TRUE">SHA_CLASS</attrlabl><attalias Sync="TRUE">SHA_CLASS</attalias><attrtype Sync="TRUE">String</attrtype><attwidth Sync="TRUE">4</attwidth><atprecis Sync="TRUE">0</atprecis><attscale Sync="TRUE">0</attscale></attr><attr><attrlabl Sync="TRUE">SHAPE_Leng</attrlabl><attalias Sync="TRUE">SHAPE_Leng</attalias><attrtype Sync="TRUE">Double</attrtype><attwidth Sync="TRUE">8</attwidth><atprecis Sync="TRUE">0</atprecis><attscale Sync="TRUE">0</attscale></attr><attr><attrlabl Sync="TRUE">PLACE</attrlabl><attalias Sync="TRUE">PLACE</attalias><attrtype Sync="TRUE">String</attrtype><attwidth Sync="TRUE">25</attwidth><atprecis Sync="TRUE">0</atprecis><attscale Sync="TRUE">0</attscale></attr><attr><attrlabl Sync="TRUE">BLOCKTEXT</attrlabl><attalias Sync="TRUE">BLOCKTEXT</attalias><attrtype Sync="TRUE">String</attrtype><attwidth Sync="TRUE">50</attwidth><atprecis Sync="TRUE">0</atprecis><attscale Sync="TRUE">0</attscale></attr><attr><attrlabl Sync="TRUE">BLOCK_NUM</attrlabl><attalias Sync="TRUE">BLOCK_NUM</attalias><attrtype Sync="TRUE">SmallInteger</attrtype><attwidth Sync="TRUE">2</attwidth><atprecis Sync="TRUE">0</atprecis><attscale Sync="TRUE">0</attscale></attr><attr><attrlabl Sync="TRUE">Shape_Length</attrlabl><attalias Sync="TRUE">Shape_Length</attalias><attrtype Sync="TRUE">Double</attrtype><attwidth Sync="TRUE">8</attwidth><atprecis Sync="TRUE">0</atprecis><attscale Sync="TRUE">0</attscale><attrdef Sync="TRUE">Length of feature in internal units.</attrdef><attrdefs Sync="TRUE">ESRI</attrdefs><attrdomv><udom Sync="TRUE">Positive real numbers that are automatically generated.</udom></attrdomv></attr></detailed></eainfo><mdDateSt Sync="TRUE">20100825</mdDateSt><dataqual><lineage><procstep><procdesc Sync="TRUE">Dataset copied.</procdesc><srcused Sync="TRUE">\\MAYR-GIS-1\D$\GISData\Baltimore\csr.gdb</srcused><procdate Sync="TRUE">20100827</procdate><proctime Sync="TRUE">12454400</proctime></procstep><procstep><procdesc Sync="TRUE">Dataset copied.</procdesc><srcused Sync="TRUE">D:\GISData\Baltimore\streetcl</srcused><procdate Sync="TRUE">20100827</procdate><proctime Sync="TRUE">13284100</proctime></procstep><procstep><procdesc Sync="TRUE">Dataset copied.</procdesc><srcused Sync="TRUE">N:\Data_Development\Street\Centerline_0810\streetcl</srcused><procdate Sync="TRUE">20100907</procdate><proctime Sync="TRUE">10340100</proctime></procstep></lineage></dataqual></metadata>
