GEO.id,GEO.id2,GEO.display-label,D001,D002,D003,D004,D005,D006,D007,D008
Id,Id2,Geography,Total:,White alone,Black or African American alone,American Indian and Alaska Native alone,Asian alone,Native Hawaiian and Other Pacific Islander alone,Some Other Race alone,Two or More Races
1500000US245100101001,245100101001,"Block Group 1, Census Tract 101, Baltimore city, Maryland",1135,1048,23,2,23,2,22,15
1500000US245100101002,245100101002,"Block Group 2, Census Tract 101, Baltimore city, Maryland",967,902,19,3,23,0,8,12
1500000US245100101003,245100101003,"Block Group 3, Census Tract 101, Baltimore city, Maryland",920,792,83,3,20,2,6,14
1500000US245100102001,245100102001,"Block Group 1, Census Tract 102, Baltimore city, Maryland",825,511,145,11,21,0,101,36
1500000US245100102002,245100102002,"Block Group 2, Census Tract 102, Baltimore city, Maryland",578,482,33,5,5,0,37,16
1500000US245100102003,245100102003,"Block Group 3, Census Tract 102, Baltimore city, Maryland",942,829,30,5,9,0,49,20
1500000US245100102004,245100102004,"Block Group 4, Census Tract 102, Baltimore city, Maryland",664,447,84,6,37,0,52,38
1500000US245100103001,245100103001,"Block Group 1, Census Tract 103, Baltimore city, Maryland",938,825,42,0,28,0,28,15
1500000US245100103002,245100103002,"Block Group 2, Census Tract 103, Baltimore city, Maryland",1270,1138,52,0,36,0,27,17
1500000US245100104001,245100104001,"Block Group 1, Census Tract 104, Baltimore city, Maryland",910,817,27,3,35,0,8,20
1500000US245100104002,245100104002,"Block Group 2, Census Tract 104, Baltimore city, Maryland",1960,1675,90,3,110,2,38,42
1500000US245100105001,245100105001,"Block Group 1, Census Tract 105, Baltimore city, Maryland",846,716,57,1,27,0,26,19
1500000US245100105002,245100105002,"Block Group 2, Census Tract 105, Baltimore city, Maryland",878,728,28,5,26,1,59,31
1500000US245100201001,245100201001,"Block Group 1, Census Tract 201, Baltimore city, Maryland",726,518,107,14,34,0,38,15
1500000US245100201002,245100201002,"Block Group 2, Census Tract 201, Baltimore city, Maryland",1158,947,77,0,25,0,81,28
1500000US245100202001,245100202001,"Block Group 1, Census Tract 202, Baltimore city, Maryland",902,476,195,7,64,0,109,51
1500000US245100202002,245100202002,"Block Group 2, Census Tract 202, Baltimore city, Maryland",1185,728,115,4,69,3,210,56
1500000US245100203001,245100203001,"Block Group 1, Census Tract 203, Baltimore city, Maryland",1141,955,43,11,35,2,49,46
1500000US245100203002,245100203002,"Block Group 2, Census Tract 203, Baltimore city, Maryland",1040,865,67,3,53,0,25,27
1500000US245100203003,245100203003,"Block Group 3, Census Tract 203, Baltimore city, Maryland",1163,1004,38,1,83,1,8,28
1500000US245100301001,245100301001,"Block Group 1, Census Tract 301, Baltimore city, Maryland",2194,245,1761,22,27,0,102,37
1500000US245100301002,245100301002,"Block Group 2, Census Tract 301, Baltimore city, Maryland",871,159,604,3,58,0,17,30
1500000US245100302001,245100302001,"Block Group 1, Census Tract 302, Baltimore city, Maryland",1222,365,729,7,68,0,25,28
1500000US245100302002,245100302002,"Block Group 2, Census Tract 302, Baltimore city, Maryland",1120,900,60,1,97,0,28,34
1500000US245100401001,245100401001,"Block Group 1, Census Tract 401, Baltimore city, Maryland",1691,908,432,7,276,2,21,45
1500000US245100401002,245100401002,"Block Group 2, Census Tract 401, Baltimore city, Maryland",2315,1077,553,4,559,4,40,78
1500000US245100402001,245100402001,"Block Group 1, Census Tract 402, Baltimore city, Maryland",838,384,239,3,169,0,6,37
1500000US245100601001,245100601001,"Block Group 1, Census Tract 601, Baltimore city, Maryland",725,147,452,7,9,0,70,40
1500000US245100601002,245100601002,"Block Group 2, Census Tract 601, Baltimore city, Maryland",1128,474,402,22,33,1,158,38
1500000US245100601003,245100601003,"Block Group 3, Census Tract 601, Baltimore city, Maryland",703,373,236,19,17,0,47,11
1500000US245100601004,245100601004,"Block Group 4, Census Tract 601, Baltimore city, Maryland",666,110,453,11,2,7,42,41
1500000US245100602001,245100602001,"Block Group 1, Census Tract 602, Baltimore city, Maryland",535,65,365,5,8,0,65,27
1500000US245100602002,245100602002,"Block Group 2, Census Tract 602, Baltimore city, Maryland",541,331,156,11,14,1,6,22
1500000US245100602003,245100602003,"Block Group 3, Census Tract 602, Baltimore city, Maryland",718,381,251,3,17,0,44,22
1500000US245100602004,245100602004,"Block Group 4, Census Tract 602, Baltimore city, Maryland",830,347,365,9,30,0,56,23
1500000US245100602005,245100602005,"Block Group 5, Census Tract 602, Baltimore city, Maryland",641,85,497,10,1,0,23,25
1500000US245100603001,245100603001,"Block Group 1, Census Tract 603, Baltimore city, Maryland",697,98,551,0,16,5,18,9
1500000US245100603002,245100603002,"Block Group 2, Census Tract 603, Baltimore city, Maryland",1103,587,312,34,27,1,112,30
1500000US245100604001,245100604001,"Block Group 1, Census Tract 604, Baltimore city, Maryland",496,124,306,0,38,2,11,15
1500000US245100604002,245100604002,"Block Group 2, Census Tract 604, Baltimore city, Maryland",687,142,510,7,21,0,1,6
1500000US245100701001,245100701001,"Block Group 1, Census Tract 701, Baltimore city, Maryland",1192,33,1123,7,2,0,15,12
1500000US245100701002,245100701002,"Block Group 2, Census Tract 701, Baltimore city, Maryland",1765,120,1531,9,19,0,48,38
1500000US245100702001,245100702001,"Block Group 1, Census Tract 702, Baltimore city, Maryland",576,10,541,7,1,0,7,10
1500000US245100702002,245100702002,"Block Group 2, Census Tract 702, Baltimore city, Maryland",991,14,953,3,4,0,0,17
1500000US245100702003,245100702003,"Block Group 3, Census Tract 702, Baltimore city, Maryland",940,53,840,6,7,0,15,19
1500000US245100702004,245100702004,"Block Group 4, Census Tract 702, Baltimore city, Maryland",560,25,474,3,15,0,23,20
1500000US245100702005,245100702005,"Block Group 5, Census Tract 702, Baltimore city, Maryland",715,9,678,2,8,0,6,12
1500000US245100703001,245100703001,"Block Group 1, Census Tract 703, Baltimore city, Maryland",610,41,535,0,8,0,20,6
1500000US245100703002,245100703002,"Block Group 2, Census Tract 703, Baltimore city, Maryland",432,10,416,0,3,0,2,1
1500000US245100704001,245100704001,"Block Group 1, Census Tract 704, Baltimore city, Maryland",169,3,166,0,0,0,0,0
1500000US245100704002,245100704002,"Block Group 2, Census Tract 704, Baltimore city, Maryland",252,5,245,1,0,0,0,1
1500000US245100704003,245100704003,"Block Group 3, Census Tract 704, Baltimore city, Maryland",820,10,789,0,12,0,1,8
1500000US245100801011,245100801011,"Block Group 1, Census Tract 801.01, Baltimore city, Maryland",707,542,116,1,18,0,2,28
1500000US245100801012,245100801012,"Block Group 2, Census Tract 801.01, Baltimore city, Maryland",878,182,674,1,7,0,1,13
1500000US245100801013,245100801013,"Block Group 3, Census Tract 801.01, Baltimore city, Maryland",1288,95,1156,11,7,0,2,17
1500000US245100801014,245100801014,"Block Group 4, Census Tract 801.01, Baltimore city, Maryland",1008,110,863,2,9,0,15,9
1500000US245100801021,245100801021,"Block Group 1, Census Tract 801.02, Baltimore city, Maryland",928,25,893,0,2,0,0,8
1500000US245100801022,245100801022,"Block Group 2, Census Tract 801.02, Baltimore city, Maryland",1580,31,1506,2,3,0,10,28
1500000US245100802001,245100802001,"Block Group 1, Census Tract 802, Baltimore city, Maryland",425,8,411,0,2,0,0,4
1500000US245100802002,245100802002,"Block Group 2, Census Tract 802, Baltimore city, Maryland",594,8,567,1,1,0,4,13
1500000US245100802003,245100802003,"Block Group 3, Census Tract 802, Baltimore city, Maryland",566,4,540,2,4,0,3,13
1500000US245100803011,245100803011,"Block Group 1, Census Tract 803.01, Baltimore city, Maryland",447,8,427,4,4,0,0,4
1500000US245100803012,245100803012,"Block Group 2, Census Tract 803.01, Baltimore city, Maryland",941,6,926,4,1,0,0,4
1500000US245100803013,245100803013,"Block Group 3, Census Tract 803.01, Baltimore city, Maryland",696,7,679,0,3,0,0,7
1500000US245100803021,245100803021,"Block Group 1, Census Tract 803.02, Baltimore city, Maryland",466,0,454,2,0,0,1,9
1500000US245100803022,245100803022,"Block Group 2, Census Tract 803.02, Baltimore city, Maryland",612,1,603,0,4,0,0,4
1500000US245100803023,245100803023,"Block Group 3, Census Tract 803.02, Baltimore city, Maryland",865,7,847,0,0,0,5,6
1500000US245100803024,245100803024,"Block Group 4, Census Tract 803.02, Baltimore city, Maryland",994,10,973,5,0,0,4,2
1500000US245100804001,245100804001,"Block Group 1, Census Tract 804, Baltimore city, Maryland",754,19,719,1,0,0,1,14
1500000US245100804002,245100804002,"Block Group 2, Census Tract 804, Baltimore city, Maryland",810,26,764,0,1,0,1,18
1500000US245100805001,245100805001,"Block Group 1, Census Tract 805, Baltimore city, Maryland",543,4,529,1,0,0,0,9
1500000US245100805002,245100805002,"Block Group 2, Census Tract 805, Baltimore city, Maryland",675,3,660,0,6,0,0,6
1500000US245100805003,245100805003,"Block Group 3, Census Tract 805, Baltimore city, Maryland",486,5,472,5,0,0,2,2
1500000US245100806001,245100806001,"Block Group 1, Census Tract 806, Baltimore city, Maryland",695,7,681,1,0,0,0,6
1500000US245100806002,245100806002,"Block Group 2, Census Tract 806, Baltimore city, Maryland",531,8,513,4,0,0,0,6
1500000US245100806003,245100806003,"Block Group 3, Census Tract 806, Baltimore city, Maryland",452,10,434,4,4,0,0,0
1500000US245100806004,245100806004,"Block Group 4, Census Tract 806, Baltimore city, Maryland",791,23,749,2,0,2,0,15
1500000US245100807001,245100807001,"Block Group 1, Census Tract 807, Baltimore city, Maryland",577,10,550,0,5,0,7,5
1500000US245100807002,245100807002,"Block Group 2, Census Tract 807, Baltimore city, Maryland",560,12,536,0,0,0,2,10
1500000US245100808001,245100808001,"Block Group 1, Census Tract 808, Baltimore city, Maryland",305,4,301,0,0,0,0,0
1500000US245100808002,245100808002,"Block Group 2, Census Tract 808, Baltimore city, Maryland",976,11,948,1,2,0,1,13
1500000US245100901001,245100901001,"Block Group 1, Census Tract 901, Baltimore city, Maryland",1139,62,1030,2,15,2,13,15
1500000US245100901002,245100901002,"Block Group 2, Census Tract 901, Baltimore city, Maryland",687,73,601,1,4,0,2,6
1500000US245100901003,245100901003,"Block Group 3, Census Tract 901, Baltimore city, Maryland",1074,180,855,2,11,0,8,18
1500000US245100901004,245100901004,"Block Group 4, Census Tract 901, Baltimore city, Maryland",637,90,523,4,8,1,5,6
1500000US245100901005,245100901005,"Block Group 5, Census Tract 901, Baltimore city, Maryland",714,15,676,12,0,0,1,10
1500000US245100902001,245100902001,"Block Group 1, Census Tract 902, Baltimore city, Maryland",1682,419,1190,5,14,0,12,42
1500000US245100902002,245100902002,"Block Group 2, Census Tract 902, Baltimore city, Maryland",1561,86,1412,3,16,0,3,41
1500000US245100903001,245100903001,"Block Group 1, Census Tract 903, Baltimore city, Maryland",548,95,435,1,0,0,4,13
1500000US245100903002,245100903002,"Block Group 2, Census Tract 903, Baltimore city, Maryland",923,108,758,0,41,0,3,13
1500000US245100903003,245100903003,"Block Group 3, Census Tract 903, Baltimore city, Maryland",804,371,383,2,27,0,1,20
1500000US245100903004,245100903004,"Block Group 4, Census Tract 903, Baltimore city, Maryland",1928,264,1571,6,21,1,20,45
1500000US245100904001,245100904001,"Block Group 1, Census Tract 904, Baltimore city, Maryland",1118,151,936,7,2,0,4,18
1500000US245100904002,245100904002,"Block Group 2, Census Tract 904, Baltimore city, Maryland",468,10,452,0,0,0,0,6
1500000US245100905001,245100905001,"Block Group 1, Census Tract 905, Baltimore city, Maryland",705,9,676,5,3,0,0,12
1500000US245100905002,245100905002,"Block Group 2, Census Tract 905, Baltimore city, Maryland",1259,228,947,2,25,0,24,33
1500000US245100906001,245100906001,"Block Group 1, Census Tract 906, Baltimore city, Maryland",789,17,735,4,9,0,2,22
1500000US245100906002,245100906002,"Block Group 2, Census Tract 906, Baltimore city, Maryland",1050,10,1018,1,4,0,4,13
1500000US245100906003,245100906003,"Block Group 3, Census Tract 906, Baltimore city, Maryland",591,14,566,2,1,0,0,8
1500000US245100906004,245100906004,"Block Group 4, Census Tract 906, Baltimore city, Maryland",972,25,929,4,3,0,2,9
1500000US245100907001,245100907001,"Block Group 1, Census Tract 907, Baltimore city, Maryland",948,7,917,1,4,0,3,16
1500000US245100907002,245100907002,"Block Group 2, Census Tract 907, Baltimore city, Maryland",605,8,583,2,0,0,1,11
1500000US245100907003,245100907003,"Block Group 3, Census Tract 907, Baltimore city, Maryland",953,11,921,0,3,0,4,14
1500000US245100907004,245100907004,"Block Group 4, Census Tract 907, Baltimore city, Maryland",643,17,618,2,3,0,0,3
1500000US245100908001,245100908001,"Block Group 1, Census Tract 908, Baltimore city, Maryland",520,4,495,3,12,0,0,6
1500000US245100908002,245100908002,"Block Group 2, Census Tract 908, Baltimore city, Maryland",662,12,636,1,8,0,0,5
1500000US245100908003,245100908003,"Block Group 3, Census Tract 908, Baltimore city, Maryland",452,9,435,0,0,0,0,8
1500000US245100908004,245100908004,"Block Group 4, Census Tract 908, Baltimore city, Maryland",1010,8,993,2,1,0,0,6
1500000US245100908005,245100908005,"Block Group 5, Census Tract 908, Baltimore city, Maryland",429,7,402,7,0,0,0,13
1500000US245100909001,245100909001,"Block Group 1, Census Tract 909, Baltimore city, Maryland",384,4,363,0,7,1,0,9
1500000US245100909002,245100909002,"Block Group 2, Census Tract 909, Baltimore city, Maryland",499,6,485,0,0,0,4,4
1500000US245100909003,245100909003,"Block Group 3, Census Tract 909, Baltimore city, Maryland",627,12,602,0,0,0,1,12
1500000US245100909004,245100909004,"Block Group 4, Census Tract 909, Baltimore city, Maryland",942,14,912,2,0,0,1,13
1500000US245101001001,245101001001,"Block Group 1, Census Tract 1001, Baltimore city, Maryland",744,11,717,5,3,0,0,8
1500000US245101001002,245101001002,"Block Group 2, Census Tract 1001, Baltimore city, Maryland",401,17,367,2,0,0,10,5
1500000US245101001003,245101001003,"Block Group 3, Census Tract 1001, Baltimore city, Maryland",370,5,364,0,0,0,1,0
1500000US245101001004,245101001004,"Block Group 4, Census Tract 1001, Baltimore city, Maryland",611,1,602,0,0,0,0,8
1500000US245101002001,245101002001,"Block Group 1, Census Tract 1002, Baltimore city, Maryland",768,6,755,0,1,0,1,5
1500000US245101002002,245101002002,"Block Group 2, Census Tract 1002, Baltimore city, Maryland",1416,3,1369,0,20,0,3,21
1500000US245101002003,245101002003,"Block Group 3, Census Tract 1002, Baltimore city, Maryland",583,9,564,1,0,0,0,9
1500000US245101003001,245101003001,"Block Group 1, Census Tract 1003, Baltimore city, Maryland",5237,809,4365,5,8,2,41,7
1500000US245101101001,245101101001,"Block Group 1, Census Tract 1101, Baltimore city, Maryland",2012,1256,505,6,157,0,17,71
1500000US245101101002,245101101002,"Block Group 2, Census Tract 1101, Baltimore city, Maryland",1211,709,249,3,192,0,27,31
1500000US245101102001,245101102001,"Block Group 1, Census Tract 1102, Baltimore city, Maryland",1884,1099,493,16,172,2,22,80
1500000US245101102002,245101102002,"Block Group 2, Census Tract 1102, Baltimore city, Maryland",1551,979,357,2,131,0,22,60
1500000US245101102003,245101102003,"Block Group 3, Census Tract 1102, Baltimore city, Maryland",1637,939,497,1,119,1,15,65
1500000US245101201001,245101201001,"Block Group 1, Census Tract 1201, Baltimore city, Maryland",1377,1049,206,2,70,3,12,35
1500000US245101201002,245101201002,"Block Group 2, Census Tract 1201, Baltimore city, Maryland",804,562,38,0,176,1,7,20
1500000US245101201003,245101201003,"Block Group 3, Census Tract 1201, Baltimore city, Maryland",1149,865,65,0,189,0,5,25
1500000US245101201004,245101201004,"Block Group 4, Census Tract 1201, Baltimore city, Maryland",1460,953,50,1,425,0,9,22
1500000US245101202011,245101202011,"Block Group 1, Census Tract 1202.01, Baltimore city, Maryland",1144,823,130,2,134,1,18,36
1500000US245101202012,245101202012,"Block Group 2, Census Tract 1202.01, Baltimore city, Maryland",889,606,213,3,33,1,4,29
1500000US245101202021,245101202021,"Block Group 1, Census Tract 1202.02, Baltimore city, Maryland",651,385,25,1,197,1,9,33
1500000US245101202022,245101202022,"Block Group 2, Census Tract 1202.02, Baltimore city, Maryland",760,292,66,2,356,0,9,35
1500000US245101202023,245101202023,"Block Group 3, Census Tract 1202.02, Baltimore city, Maryland",2070,1208,114,1,617,2,37,91
1500000US245101202024,245101202024,"Block Group 4, Census Tract 1202.02, Baltimore city, Maryland",1466,1020,148,2,223,0,18,55
1500000US245101202025,245101202025,"Block Group 5, Census Tract 1202.02, Baltimore city, Maryland",1277,776,132,3,316,0,18,32
1500000US245101203001,245101203001,"Block Group 1, Census Tract 1203, Baltimore city, Maryland",854,383,402,5,20,5,11,28
1500000US245101203002,245101203002,"Block Group 2, Census Tract 1203, Baltimore city, Maryland",768,293,415,1,39,0,6,14
1500000US245101203003,245101203003,"Block Group 3, Census Tract 1203, Baltimore city, Maryland",750,256,436,2,26,0,7,23
1500000US245101203004,245101203004,"Block Group 4, Census Tract 1203, Baltimore city, Maryland",1180,278,836,6,25,0,9,26
1500000US245101204001,245101204001,"Block Group 1, Census Tract 1204, Baltimore city, Maryland",563,38,490,3,8,0,13,11
1500000US245101204002,245101204002,"Block Group 2, Census Tract 1204, Baltimore city, Maryland",750,124,584,3,4,0,15,20
1500000US245101205001,245101205001,"Block Group 1, Census Tract 1205, Baltimore city, Maryland",690,137,501,3,20,0,7,22
1500000US245101205002,245101205002,"Block Group 2, Census Tract 1205, Baltimore city, Maryland",1061,326,690,2,24,0,2,17
1500000US245101206001,245101206001,"Block Group 1, Census Tract 1206, Baltimore city, Maryland",889,401,375,5,51,1,25,31
1500000US245101206002,245101206002,"Block Group 2, Census Tract 1206, Baltimore city, Maryland",1227,518,525,5,80,4,37,58
1500000US245101206003,245101206003,"Block Group 3, Census Tract 1206, Baltimore city, Maryland",1153,163,849,7,83,1,33,17
1500000US245101207001,245101207001,"Block Group 1, Census Tract 1207, Baltimore city, Maryland",780,533,106,2,105,0,10,24
1500000US245101207002,245101207002,"Block Group 2, Census Tract 1207, Baltimore city, Maryland",895,448,299,5,89,0,17,37
1500000US245101207003,245101207003,"Block Group 3, Census Tract 1207, Baltimore city, Maryland",801,468,241,1,25,0,36,30
1500000US245101301001,245101301001,"Block Group 1, Census Tract 1301, Baltimore city, Maryland",438,40,385,3,1,0,0,9
1500000US245101301002,245101301002,"Block Group 2, Census Tract 1301, Baltimore city, Maryland",685,28,635,3,2,0,1,16
1500000US245101301003,245101301003,"Block Group 3, Census Tract 1301, Baltimore city, Maryland",899,45,835,5,4,0,0,10
1500000US245101301004,245101301004,"Block Group 4, Census Tract 1301, Baltimore city, Maryland",591,58,501,4,1,0,3,24
1500000US245101302001,245101302001,"Block Group 1, Census Tract 1302, Baltimore city, Maryland",602,170,415,0,3,0,2,12
1500000US245101302002,245101302002,"Block Group 2, Census Tract 1302, Baltimore city, Maryland",979,49,901,8,0,0,2,19
1500000US245101302003,245101302003,"Block Group 3, Census Tract 1302, Baltimore city, Maryland",622,65,523,6,8,0,3,17
1500000US245101302004,245101302004,"Block Group 4, Census Tract 1302, Baltimore city, Maryland",572,29,531,1,1,0,2,8
1500000US245101303001,245101303001,"Block Group 1, Census Tract 1303, Baltimore city, Maryland",737,37,677,0,2,0,9,12
1500000US245101303002,245101303002,"Block Group 2, Census Tract 1303, Baltimore city, Maryland",683,5,660,1,1,0,2,14
1500000US245101303003,245101303003,"Block Group 3, Census Tract 1303, Baltimore city, Maryland",849,6,830,2,0,0,1,10
1500000US245101304001,245101304001,"Block Group 1, Census Tract 1304, Baltimore city, Maryland",510,21,479,0,1,0,0,9
1500000US245101304002,245101304002,"Block Group 2, Census Tract 1304, Baltimore city, Maryland",915,10,867,1,2,0,10,25
1500000US245101304003,245101304003,"Block Group 3, Census Tract 1304, Baltimore city, Maryland",586,15,559,2,0,0,0,10
1500000US245101306001,245101306001,"Block Group 1, Census Tract 1306, Baltimore city, Maryland",983,858,51,4,38,0,8,24
1500000US245101306002,245101306002,"Block Group 2, Census Tract 1306, Baltimore city, Maryland",856,766,27,3,44,0,2,14
1500000US245101306003,245101306003,"Block Group 3, Census Tract 1306, Baltimore city, Maryland",844,778,9,2,20,0,5,30
1500000US245101306004,245101306004,"Block Group 4, Census Tract 1306, Baltimore city, Maryland",903,805,39,1,26,0,10,22
1500000US245101307001,245101307001,"Block Group 1, Census Tract 1307, Baltimore city, Maryland",1036,777,206,3,22,0,7,21
1500000US245101307002,245101307002,"Block Group 2, Census Tract 1307, Baltimore city, Maryland",859,751,12,2,76,0,5,13
1500000US245101307003,245101307003,"Block Group 3, Census Tract 1307, Baltimore city, Maryland",618,542,15,1,39,0,3,18
1500000US245101307004,245101307004,"Block Group 4, Census Tract 1307, Baltimore city, Maryland",668,608,26,0,9,0,12,13
1500000US245101307005,245101307005,"Block Group 5, Census Tract 1307, Baltimore city, Maryland",1122,844,152,9,69,2,13,33
1500000US245101307006,245101307006,"Block Group 6, Census Tract 1307, Baltimore city, Maryland",889,815,40,1,4,0,13,16
1500000US245101308031,245101308031,"Block Group 1, Census Tract 1308.03, Baltimore city, Maryland",606,424,108,1,49,0,6,18
1500000US245101308032,245101308032,"Block Group 2, Census Tract 1308.03, Baltimore city, Maryland",1162,775,188,2,141,0,19,37
1500000US245101308033,245101308033,"Block Group 3, Census Tract 1308.03, Baltimore city, Maryland",980,875,41,4,26,0,23,11
1500000US245101308041,245101308041,"Block Group 1, Census Tract 1308.04, Baltimore city, Maryland",888,735,89,5,38,0,0,21
1500000US245101308042,245101308042,"Block Group 2, Census Tract 1308.04, Baltimore city, Maryland",1067,952,40,2,28,1,10,34
1500000US245101308051,245101308051,"Block Group 1, Census Tract 1308.05, Baltimore city, Maryland",985,162,750,5,35,0,4,29
1500000US245101308061,245101308061,"Block Group 1, Census Tract 1308.06, Baltimore city, Maryland",1431,977,350,11,31,0,14,48
1500000US245101401001,245101401001,"Block Group 1, Census Tract 1401, Baltimore city, Maryland",1326,884,196,1,176,2,22,45
1500000US245101401002,245101401002,"Block Group 2, Census Tract 1401, Baltimore city, Maryland",1336,795,357,2,111,0,17,54
1500000US245101401003,245101401003,"Block Group 3, Census Tract 1401, Baltimore city, Maryland",928,312,541,4,38,0,4,29
1500000US245101401004,245101401004,"Block Group 4, Census Tract 1401, Baltimore city, Maryland",1384,816,487,3,36,0,10,32
1500000US245101402001,245101402001,"Block Group 1, Census Tract 1402, Baltimore city, Maryland",672,60,595,0,4,2,1,10
1500000US245101402002,245101402002,"Block Group 2, Census Tract 1402, Baltimore city, Maryland",947,31,891,3,0,0,8,14
1500000US245101402003,245101402003,"Block Group 3, Census Tract 1402, Baltimore city, Maryland",553,9,537,1,0,0,0,6
1500000US245101402004,245101402004,"Block Group 4, Census Tract 1402, Baltimore city, Maryland",681,1,666,0,1,0,1,12
1500000US245101403001,245101403001,"Block Group 1, Census Tract 1403, Baltimore city, Maryland",600,22,552,3,2,0,5,16
1500000US245101403002,245101403002,"Block Group 2, Census Tract 1403, Baltimore city, Maryland",435,1,430,0,0,0,1,3
1500000US245101403003,245101403003,"Block Group 3, Census Tract 1403, Baltimore city, Maryland",652,69,559,2,8,0,4,10
1500000US245101403004,245101403004,"Block Group 4, Census Tract 1403, Baltimore city, Maryland",646,13,611,1,6,2,5,8
1500000US245101501001,245101501001,"Block Group 1, Census Tract 1501, Baltimore city, Maryland",542,13,507,1,4,0,1,16
1500000US245101501002,245101501002,"Block Group 2, Census Tract 1501, Baltimore city, Maryland",1199,12,1177,1,3,0,2,4
1500000US245101501003,245101501003,"Block Group 3, Census Tract 1501, Baltimore city, Maryland",1470,10,1442,0,1,0,0,17
1500000US245101502001,245101502001,"Block Group 1, Census Tract 1502, Baltimore city, Maryland",997,17,960,5,6,0,2,7
1500000US245101502002,245101502002,"Block Group 2, Census Tract 1502, Baltimore city, Maryland",782,1,777,0,1,0,1,2
1500000US245101502003,245101502003,"Block Group 3, Census Tract 1502, Baltimore city, Maryland",920,10,891,1,3,0,1,14
1500000US245101503001,245101503001,"Block Group 1, Census Tract 1503, Baltimore city, Maryland",844,3,823,0,11,1,0,6
1500000US245101503002,245101503002,"Block Group 2, Census Tract 1503, Baltimore city, Maryland",779,9,757,2,0,0,0,11
1500000US245101503003,245101503003,"Block Group 3, Census Tract 1503, Baltimore city, Maryland",855,8,839,1,0,1,0,6
1500000US245101504001,245101504001,"Block Group 1, Census Tract 1504, Baltimore city, Maryland",709,6,688,5,0,0,1,9
1500000US245101504002,245101504002,"Block Group 2, Census Tract 1504, Baltimore city, Maryland",1050,18,997,6,9,0,1,19
1500000US245101504003,245101504003,"Block Group 3, Census Tract 1504, Baltimore city, Maryland",1965,22,1894,2,4,2,11,30
1500000US245101505001,245101505001,"Block Group 1, Census Tract 1505, Baltimore city, Maryland",805,9,775,1,2,0,9,9
1500000US245101505002,245101505002,"Block Group 2, Census Tract 1505, Baltimore city, Maryland",738,5,711,2,0,0,1,19
1500000US245101506001,245101506001,"Block Group 1, Census Tract 1506, Baltimore city, Maryland",747,1,725,1,4,2,1,13
1500000US245101506002,245101506002,"Block Group 2, Census Tract 1506, Baltimore city, Maryland",663,1,623,3,0,0,5,31
1500000US245101506003,245101506003,"Block Group 3, Census Tract 1506, Baltimore city, Maryland",676,7,661,1,0,0,1,6
1500000US245101506004,245101506004,"Block Group 4, Census Tract 1506, Baltimore city, Maryland",413,12,392,0,0,0,1,8
1500000US245101506005,245101506005,"Block Group 5, Census Tract 1506, Baltimore city, Maryland",913,12,886,1,0,0,0,14
1500000US245101507011,245101507011,"Block Group 1, Census Tract 1507.01, Baltimore city, Maryland",579,8,567,0,0,0,1,3
1500000US245101507012,245101507012,"Block Group 2, Census Tract 1507.01, Baltimore city, Maryland",565,5,544,0,0,0,8,8
1500000US245101507013,245101507013,"Block Group 3, Census Tract 1507.01, Baltimore city, Maryland",552,4,529,2,2,0,1,14
1500000US245101507021,245101507021,"Block Group 1, Census Tract 1507.02, Baltimore city, Maryland",986,10,973,1,0,1,0,1
1500000US245101507022,245101507022,"Block Group 2, Census Tract 1507.02, Baltimore city, Maryland",801,5,792,2,0,0,0,2
1500000US245101507023,245101507023,"Block Group 3, Census Tract 1507.02, Baltimore city, Maryland",572,19,546,0,1,0,1,5
1500000US245101508001,245101508001,"Block Group 1, Census Tract 1508, Baltimore city, Maryland",776,15,742,6,0,0,5,8
1500000US245101508002,245101508002,"Block Group 2, Census Tract 1508, Baltimore city, Maryland",812,15,783,0,1,0,3,10
1500000US245101508003,245101508003,"Block Group 3, Census Tract 1508, Baltimore city, Maryland",976,12,930,0,1,0,8,25
1500000US245101508004,245101508004,"Block Group 4, Census Tract 1508, Baltimore city, Maryland",573,12,556,0,1,0,0,4
1500000US245101508005,245101508005,"Block Group 5, Census Tract 1508, Baltimore city, Maryland",514,3,501,0,0,0,0,10
1500000US245101508006,245101508006,"Block Group 6, Census Tract 1508, Baltimore city, Maryland",572,8,555,2,0,0,0,7
1500000US245101509001,245101509001,"Block Group 1, Census Tract 1509, Baltimore city, Maryland",1024,16,995,3,0,0,2,8
1500000US245101509002,245101509002,"Block Group 2, Census Tract 1509, Baltimore city, Maryland",924,12,899,0,2,1,0,10
1500000US245101509003,245101509003,"Block Group 3, Census Tract 1509, Baltimore city, Maryland",536,18,508,1,2,0,1,6
1500000US245101509004,245101509004,"Block Group 4, Census Tract 1509, Baltimore city, Maryland",860,25,811,7,2,0,5,10
1500000US245101510001,245101510001,"Block Group 1, Census Tract 1510, Baltimore city, Maryland",661,17,628,7,2,0,0,7
1500000US245101510002,245101510002,"Block Group 2, Census Tract 1510, Baltimore city, Maryland",1233,29,1173,7,6,0,2,16
1500000US245101510003,245101510003,"Block Group 3, Census Tract 1510, Baltimore city, Maryland",520,3,513,0,0,0,2,2
1500000US245101510004,245101510004,"Block Group 4, Census Tract 1510, Baltimore city, Maryland",398,6,383,1,0,0,0,8
1500000US245101510005,245101510005,"Block Group 5, Census Tract 1510, Baltimore city, Maryland",1173,30,1124,3,3,0,1,12
1500000US245101510006,245101510006,"Block Group 6, Census Tract 1510, Baltimore city, Maryland",672,3,663,1,2,0,3,0
1500000US245101510007,245101510007,"Block Group 7, Census Tract 1510, Baltimore city, Maryland",557,6,545,0,1,0,0,5
1500000US245101511001,245101511001,"Block Group 1, Census Tract 1511, Baltimore city, Maryland",776,13,747,2,9,0,0,5
1500000US245101511002,245101511002,"Block Group 2, Census Tract 1511, Baltimore city, Maryland",2194,16,2144,0,6,1,7,20
1500000US245101511003,245101511003,"Block Group 3, Census Tract 1511, Baltimore city, Maryland",953,13,919,0,4,1,1,15
1500000US245101511004,245101511004,"Block Group 4, Census Tract 1511, Baltimore city, Maryland",735,10,707,3,2,0,4,9
1500000US245101511005,245101511005,"Block Group 5, Census Tract 1511, Baltimore city, Maryland",601,10,577,1,1,0,9,3
1500000US245101511006,245101511006,"Block Group 6, Census Tract 1511, Baltimore city, Maryland",1313,17,1267,6,0,0,9,14
1500000US245101512001,245101512001,"Block Group 1, Census Tract 1512, Baltimore city, Maryland",1630,59,1529,9,0,1,3,29
1500000US245101512002,245101512002,"Block Group 2, Census Tract 1512, Baltimore city, Maryland",385,3,378,1,3,0,0,0
1500000US245101512003,245101512003,"Block Group 3, Census Tract 1512, Baltimore city, Maryland",815,3,800,1,6,0,0,5
1500000US245101512004,245101512004,"Block Group 4, Census Tract 1512, Baltimore city, Maryland",564,10,537,0,0,0,14,3
1500000US245101512005,245101512005,"Block Group 5, Census Tract 1512, Baltimore city, Maryland",821,6,785,1,2,0,4,23
1500000US245101513001,245101513001,"Block Group 1, Census Tract 1513, Baltimore city, Maryland",1418,4,1388,2,4,1,0,19
1500000US245101513002,245101513002,"Block Group 2, Census Tract 1513, Baltimore city, Maryland",910,3,898,1,1,0,1,6
1500000US245101513003,245101513003,"Block Group 3, Census Tract 1513, Baltimore city, Maryland",422,4,401,0,0,0,12,5
1500000US245101513004,245101513004,"Block Group 4, Census Tract 1513, Baltimore city, Maryland",968,16,940,2,0,0,1,9
1500000US245101513005,245101513005,"Block Group 5, Census Tract 1513, Baltimore city, Maryland",828,11,801,5,0,0,0,11
1500000US245101601001,245101601001,"Block Group 1, Census Tract 1601, Baltimore city, Maryland",319,12,297,0,3,0,0,7
1500000US245101601002,245101601002,"Block Group 2, Census Tract 1601, Baltimore city, Maryland",364,6,348,1,0,0,0,9
1500000US245101601003,245101601003,"Block Group 3, Census Tract 1601, Baltimore city, Maryland",1029,11,996,1,5,0,3,13
1500000US245101601004,245101601004,"Block Group 4, Census Tract 1601, Baltimore city, Maryland",676,10,652,0,5,0,0,9
1500000US245101602001,245101602001,"Block Group 1, Census Tract 1602, Baltimore city, Maryland",1186,11,1155,2,1,0,5,12
1500000US245101602002,245101602002,"Block Group 2, Census Tract 1602, Baltimore city, Maryland",435,4,427,0,2,0,1,1
1500000US245101602003,245101602003,"Block Group 3, Census Tract 1602, Baltimore city, Maryland",894,12,845,3,5,0,2,27
1500000US245101603001,245101603001,"Block Group 1, Census Tract 1603, Baltimore city, Maryland",941,25,904,1,0,0,3,8
1500000US245101603002,245101603002,"Block Group 2, Census Tract 1603, Baltimore city, Maryland",617,3,608,2,0,0,0,4
1500000US245101604001,245101604001,"Block Group 1, Census Tract 1604, Baltimore city, Maryland",473,1,470,0,0,0,0,2
1500000US245101604002,245101604002,"Block Group 2, Census Tract 1604, Baltimore city, Maryland",886,1,865,2,6,0,0,12
1500000US245101604003,245101604003,"Block Group 3, Census Tract 1604, Baltimore city, Maryland",508,12,487,0,0,0,0,9
1500000US245101604004,245101604004,"Block Group 4, Census Tract 1604, Baltimore city, Maryland",658,10,636,0,3,0,5,4
1500000US245101605001,245101605001,"Block Group 1, Census Tract 1605, Baltimore city, Maryland",1043,5,1022,3,2,0,1,10
1500000US245101605002,245101605002,"Block Group 2, Census Tract 1605, Baltimore city, Maryland",734,4,711,4,1,0,3,11
1500000US245101605003,245101605003,"Block Group 3, Census Tract 1605, Baltimore city, Maryland",680,1,665,2,0,0,6,6
1500000US245101605004,245101605004,"Block Group 4, Census Tract 1605, Baltimore city, Maryland",863,8,819,1,2,0,5,28
1500000US245101605005,245101605005,"Block Group 5, Census Tract 1605, Baltimore city, Maryland",925,4,908,0,0,0,1,12
1500000US245101606001,245101606001,"Block Group 1, Census Tract 1606, Baltimore city, Maryland",524,3,502,4,7,0,2,6
1500000US245101606002,245101606002,"Block Group 2, Census Tract 1606, Baltimore city, Maryland",941,7,919,4,1,0,0,10
1500000US245101606003,245101606003,"Block Group 3, Census Tract 1606, Baltimore city, Maryland",713,12,690,0,0,0,3,8
1500000US245101606004,245101606004,"Block Group 4, Census Tract 1606, Baltimore city, Maryland",707,3,681,4,3,0,3,13
1500000US245101606005,245101606005,"Block Group 5, Census Tract 1606, Baltimore city, Maryland",624,0,621,0,0,0,0,3
1500000US245101607001,245101607001,"Block Group 1, Census Tract 1607, Baltimore city, Maryland",601,8,576,4,0,0,1,12
1500000US245101607002,245101607002,"Block Group 2, Census Tract 1607, Baltimore city, Maryland",892,10,861,1,0,0,3,17
1500000US245101607003,245101607003,"Block Group 3, Census Tract 1607, Baltimore city, Maryland",701,7,674,3,1,0,2,14
1500000US245101607004,245101607004,"Block Group 4, Census Tract 1607, Baltimore city, Maryland",1494,3,1457,3,0,0,7,24
1500000US245101607005,245101607005,"Block Group 5, Census Tract 1607, Baltimore city, Maryland",531,0,527,0,0,0,0,4
1500000US245101607006,245101607006,"Block Group 6, Census Tract 1607, Baltimore city, Maryland",637,9,616,0,1,0,3,8
1500000US245101607007,245101607007,"Block Group 7, Census Tract 1607, Baltimore city, Maryland",759,3,737,2,2,0,1,14
1500000US245101608011,245101608011,"Block Group 1, Census Tract 1608.01, Baltimore city, Maryland",1244,15,1200,1,0,0,2,26
1500000US245101608012,245101608012,"Block Group 2, Census Tract 1608.01, Baltimore city, Maryland",626,1,617,2,0,0,0,6
1500000US245101608013,245101608013,"Block Group 3, Census Tract 1608.01, Baltimore city, Maryland",654,2,644,2,1,0,0,5
1500000US245101608014,245101608014,"Block Group 4, Census Tract 1608.01, Baltimore city, Maryland",757,7,727,0,1,0,0,22
1500000US245101608021,245101608021,"Block Group 1, Census Tract 1608.02, Baltimore city, Maryland",1084,9,1058,5,1,0,2,9
1500000US245101608022,245101608022,"Block Group 2, Census Tract 1608.02, Baltimore city, Maryland",841,7,821,5,0,0,0,8
1500000US245101608023,245101608023,"Block Group 3, Census Tract 1608.02, Baltimore city, Maryland",1120,9,1084,6,0,4,6,11
1500000US245101701001,245101701001,"Block Group 1, Census Tract 1701, Baltimore city, Maryland",967,277,636,3,19,0,4,28
1500000US245101701002,245101701002,"Block Group 2, Census Tract 1701, Baltimore city, Maryland",635,49,557,3,11,0,0,15
1500000US245101702001,245101702001,"Block Group 1, Census Tract 1702, Baltimore city, Maryland",1922,22,1872,4,0,1,2,21
1500000US245101702002,245101702002,"Block Group 2, Census Tract 1702, Baltimore city, Maryland",712,76,616,0,6,0,1,13
1500000US245101702003,245101702003,"Block Group 3, Census Tract 1702, Baltimore city, Maryland",511,95,382,6,15,0,0,13
1500000US245101703001,245101703001,"Block Group 1, Census Tract 1703, Baltimore city, Maryland",968,3,945,3,1,0,3,13
1500000US245101703002,245101703002,"Block Group 2, Census Tract 1703, Baltimore city, Maryland",1043,21,978,5,17,0,4,18
1500000US245101801001,245101801001,"Block Group 1, Census Tract 1801, Baltimore city, Maryland",1125,24,1068,5,2,0,7,19
1500000US245101801002,245101801002,"Block Group 2, Census Tract 1801, Baltimore city, Maryland",1075,4,1067,0,0,0,0,4
1500000US245101802001,245101802001,"Block Group 1, Census Tract 1802, Baltimore city, Maryland",495,28,458,1,2,0,1,5
1500000US245101802002,245101802002,"Block Group 2, Census Tract 1802, Baltimore city, Maryland",482,28,448,2,0,0,1,3
1500000US245101803001,245101803001,"Block Group 1, Census Tract 1803, Baltimore city, Maryland",679,200,435,1,24,1,12,6
1500000US245101803002,245101803002,"Block Group 2, Census Tract 1803, Baltimore city, Maryland",1230,388,770,5,21,0,10,36
1500000US245101901001,245101901001,"Block Group 1, Census Tract 1901, Baltimore city, Maryland",410,0,407,2,0,0,0,1
1500000US245101901002,245101901002,"Block Group 2, Census Tract 1901, Baltimore city, Maryland",695,21,605,6,1,0,39,23
1500000US245101901003,245101901003,"Block Group 3, Census Tract 1901, Baltimore city, Maryland",790,22,742,7,1,0,12,6
1500000US245101902001,245101902001,"Block Group 1, Census Tract 1902, Baltimore city, Maryland",762,218,470,11,20,0,19,24
1500000US245101902002,245101902002,"Block Group 2, Census Tract 1902, Baltimore city, Maryland",1158,386,598,9,14,0,79,72
1500000US245101903001,245101903001,"Block Group 1, Census Tract 1903, Baltimore city, Maryland",582,130,424,2,7,0,6,13
1500000US245101903002,245101903002,"Block Group 2, Census Tract 1903, Baltimore city, Maryland",787,126,640,3,5,0,9,4
1500000US245101903003,245101903003,"Block Group 3, Census Tract 1903, Baltimore city, Maryland",480,196,216,15,3,0,40,10
1500000US245101903004,245101903004,"Block Group 4, Census Tract 1903, Baltimore city, Maryland",737,329,278,5,47,1,40,37
1500000US245102001001,245102001001,"Block Group 1, Census Tract 2001, Baltimore city, Maryland",883,13,840,2,1,0,3,24
1500000US245102001002,245102001002,"Block Group 2, Census Tract 2001, Baltimore city, Maryland",963,28,910,7,1,0,1,16
1500000US245102002001,245102002001,"Block Group 1, Census Tract 2002, Baltimore city, Maryland",599,14,575,0,2,0,0,8
1500000US245102002002,245102002002,"Block Group 2, Census Tract 2002, Baltimore city, Maryland",708,2,701,1,0,0,0,4
1500000US245102002003,245102002003,"Block Group 3, Census Tract 2002, Baltimore city, Maryland",497,4,489,2,0,0,0,2
1500000US245102002004,245102002004,"Block Group 4, Census Tract 2002, Baltimore city, Maryland",557,6,536,1,4,1,3,6
1500000US245102002005,245102002005,"Block Group 5, Census Tract 2002, Baltimore city, Maryland",608,11,579,6,0,0,0,12
1500000US245102003001,245102003001,"Block Group 1, Census Tract 2003, Baltimore city, Maryland",745,116,594,3,9,0,3,20
1500000US245102003002,245102003002,"Block Group 2, Census Tract 2003, Baltimore city, Maryland",1091,358,643,1,40,0,23,26
1500000US245102004001,245102004001,"Block Group 1, Census Tract 2004, Baltimore city, Maryland",652,2,633,2,0,1,0,14
1500000US245102004002,245102004002,"Block Group 2, Census Tract 2004, Baltimore city, Maryland",1039,42,981,1,4,0,0,11
1500000US245102005001,245102005001,"Block Group 1, Census Tract 2005, Baltimore city, Maryland",428,151,262,1,6,0,1,7
1500000US245102005002,245102005002,"Block Group 2, Census Tract 2005, Baltimore city, Maryland",539,159,351,1,1,0,14,13
1500000US245102005003,245102005003,"Block Group 3, Census Tract 2005, Baltimore city, Maryland",617,211,340,1,24,0,10,31
1500000US245102005004,245102005004,"Block Group 4, Census Tract 2005, Baltimore city, Maryland",862,337,442,6,9,1,28,39
1500000US245102005005,245102005005,"Block Group 5, Census Tract 2005, Baltimore city, Maryland",696,262,372,1,11,0,37,13
1500000US245102006001,245102006001,"Block Group 1, Census Tract 2006, Baltimore city, Maryland",1133,486,599,7,15,0,6,20
1500000US245102006002,245102006002,"Block Group 2, Census Tract 2006, Baltimore city, Maryland",671,235,406,3,3,0,7,17
1500000US245102006003,245102006003,"Block Group 3, Census Tract 2006, Baltimore city, Maryland",909,19,879,0,1,0,0,10
1500000US245102007011,245102007011,"Block Group 1, Census Tract 2007.01, Baltimore city, Maryland",743,1,737,0,0,0,0,5
1500000US245102007012,245102007012,"Block Group 2, Census Tract 2007.01, Baltimore city, Maryland",1049,5,1029,3,0,0,0,12
1500000US245102007013,245102007013,"Block Group 3, Census Tract 2007.01, Baltimore city, Maryland",902,2,886,4,5,0,0,5
1500000US245102007014,245102007014,"Block Group 4, Census Tract 2007.01, Baltimore city, Maryland",1125,9,1098,2,0,0,5,11
1500000US245102007015,245102007015,"Block Group 5, Census Tract 2007.01, Baltimore city, Maryland",800,5,788,1,1,0,0,5
1500000US245102007021,245102007021,"Block Group 1, Census Tract 2007.02, Baltimore city, Maryland",557,19,522,1,0,0,0,15
1500000US245102007022,245102007022,"Block Group 2, Census Tract 2007.02, Baltimore city, Maryland",869,12,830,1,4,0,7,15
1500000US245102008001,245102008001,"Block Group 1, Census Tract 2008, Baltimore city, Maryland",993,123,837,9,3,0,0,21
1500000US245102008002,245102008002,"Block Group 2, Census Tract 2008, Baltimore city, Maryland",753,114,616,1,4,1,5,12
1500000US245102008003,245102008003,"Block Group 3, Census Tract 2008, Baltimore city, Maryland",536,25,487,4,4,0,0,16
1500000US245102101001,245102101001,"Block Group 1, Census Tract 2101, Baltimore city, Maryland",573,283,268,0,7,0,4,11
1500000US245102101002,245102101002,"Block Group 2, Census Tract 2101, Baltimore city, Maryland",1557,561,859,8,60,1,21,47
1500000US245102102001,245102102001,"Block Group 1, Census Tract 2102, Baltimore city, Maryland",1494,564,839,5,35,0,17,34
1500000US245102102002,245102102002,"Block Group 2, Census Tract 2102, Baltimore city, Maryland",1879,829,769,5,191,0,29,56
1500000US245102201001,245102201001,"Block Group 1, Census Tract 2201, Baltimore city, Maryland",1241,820,246,4,116,1,13,41
1500000US245102201002,245102201002,"Block Group 2, Census Tract 2201, Baltimore city, Maryland",1650,1307,217,8,74,4,18,22
1500000US245102201003,245102201003,"Block Group 3, Census Tract 2201, Baltimore city, Maryland",73,53,17,0,3,0,0,0
1500000US245102201004,245102201004,"Block Group 4, Census Tract 2201, Baltimore city, Maryland",1061,880,123,0,40,0,2,16
1500000US245102301001,245102301001,"Block Group 1, Census Tract 2301, Baltimore city, Maryland",1037,893,60,4,32,0,34,14
1500000US245102301002,245102301002,"Block Group 2, Census Tract 2301, Baltimore city, Maryland",916,304,572,6,14,0,0,20
1500000US245102302001,245102302001,"Block Group 1, Census Tract 2302, Baltimore city, Maryland",890,812,23,2,24,0,11,18
1500000US245102302002,245102302002,"Block Group 2, Census Tract 2302, Baltimore city, Maryland",1282,1155,74,0,25,0,9,19
1500000US245102303001,245102303001,"Block Group 1, Census Tract 2303, Baltimore city, Maryland",72,69,0,1,1,1,0,0
1500000US245102303002,245102303002,"Block Group 2, Census Tract 2303, Baltimore city, Maryland",1064,936,72,2,22,0,7,25
1500000US245102401001,245102401001,"Block Group 1, Census Tract 2401, Baltimore city, Maryland",1580,1468,28,2,40,0,14,28
1500000US245102401002,245102401002,"Block Group 2, Census Tract 2401, Baltimore city, Maryland",1119,1051,17,6,32,1,1,11
1500000US245102402001,245102402001,"Block Group 1, Census Tract 2402, Baltimore city, Maryland",1683,1461,81,3,90,0,11,37
1500000US245102402002,245102402002,"Block Group 2, Census Tract 2402, Baltimore city, Maryland",881,823,22,0,18,0,5,13
1500000US245102403001,245102403001,"Block Group 1, Census Tract 2403, Baltimore city, Maryland",805,734,37,0,19,0,2,13
1500000US245102403002,245102403002,"Block Group 2, Census Tract 2403, Baltimore city, Maryland",655,597,19,0,27,0,3,9
1500000US245102403003,245102403003,"Block Group 3, Census Tract 2403, Baltimore city, Maryland",681,637,11,0,18,2,6,7
1500000US245102404001,245102404001,"Block Group 1, Census Tract 2404, Baltimore city, Maryland",1056,956,28,3,39,0,4,26
1500000US245102404002,245102404002,"Block Group 2, Census Tract 2404, Baltimore city, Maryland",314,292,7,0,11,0,0,4
1500000US245102404003,245102404003,"Block Group 3, Census Tract 2404, Baltimore city, Maryland",1201,1125,22,1,26,0,9,18
1500000US245102501011,245102501011,"Block Group 1, Census Tract 2501.01, Baltimore city, Maryland",1101,94,977,1,10,0,1,18
1500000US245102501012,245102501012,"Block Group 2, Census Tract 2501.01, Baltimore city, Maryland",2525,217,2211,6,19,0,19,53
1500000US245102501021,245102501021,"Block Group 1, Census Tract 2501.02, Baltimore city, Maryland",1111,87,960,9,13,2,4,36
1500000US245102501022,245102501022,"Block Group 2, Census Tract 2501.02, Baltimore city, Maryland",1799,154,1578,3,15,0,31,18
1500000US245102501031,245102501031,"Block Group 1, Census Tract 2501.03, Baltimore city, Maryland",1452,1003,390,8,14,3,10,24
1500000US245102501032,245102501032,"Block Group 2, Census Tract 2501.03, Baltimore city, Maryland",839,674,102,1,23,1,13,25
1500000US245102501033,245102501033,"Block Group 3, Census Tract 2501.03, Baltimore city, Maryland",850,683,123,4,9,0,5,26
1500000US245102501034,245102501034,"Block Group 4, Census Tract 2501.03, Baltimore city, Maryland",909,551,283,4,27,1,13,30
1500000US245102502031,245102502031,"Block Group 1, Census Tract 2502.03, Baltimore city, Maryland",975,23,928,0,5,0,9,10
1500000US245102502032,245102502032,"Block Group 2, Census Tract 2502.03, Baltimore city, Maryland",1043,39,963,4,3,0,8,26
1500000US245102502041,245102502041,"Block Group 1, Census Tract 2502.04, Baltimore city, Maryland",1538,6,1519,2,0,0,0,11
1500000US245102502042,245102502042,"Block Group 2, Census Tract 2502.04, Baltimore city, Maryland",2587,15,2538,3,0,1,9,21
1500000US245102502051,245102502051,"Block Group 1, Census Tract 2502.05, Baltimore city, Maryland",195,101,78,1,6,0,7,2
1500000US245102502052,245102502052,"Block Group 2, Census Tract 2502.05, Baltimore city, Maryland",1381,248,915,5,35,1,149,28
1500000US245102502053,245102502053,"Block Group 3, Census Tract 2502.05, Baltimore city, Maryland",893,333,471,2,3,0,64,20
1500000US245102502054,245102502054,"Block Group 4, Census Tract 2502.05, Baltimore city, Maryland",1327,528,620,3,19,1,123,33
1500000US245102502055,245102502055,"Block Group 5, Census Tract 2502.05, Baltimore city, Maryland",893,240,481,1,70,1,79,21
1500000US245102502061,245102502061,"Block Group 1, Census Tract 2502.06, Baltimore city, Maryland",810,597,133,11,24,1,20,24
1500000US245102502062,245102502062,"Block Group 2, Census Tract 2502.06, Baltimore city, Maryland",902,737,79,6,17,0,37,26
1500000US245102502063,245102502063,"Block Group 3, Census Tract 2502.06, Baltimore city, Maryland",878,682,131,2,18,3,22,20
1500000US245102502071,245102502071,"Block Group 1, Census Tract 2502.07, Baltimore city, Maryland",1206,43,1108,2,9,0,23,21
1500000US245102502072,245102502072,"Block Group 2, Census Tract 2502.07, Baltimore city, Maryland",853,17,797,5,3,0,11,20
1500000US245102503011,245102503011,"Block Group 1, Census Tract 2503.01, Baltimore city, Maryland",985,187,751,8,7,0,8,24
1500000US245102503012,245102503012,"Block Group 2, Census Tract 2503.01, Baltimore city, Maryland",1445,25,1388,3,3,0,0,26
1500000US245102503031,245102503031,"Block Group 1, Census Tract 2503.03, Baltimore city, Maryland",661,532,88,5,16,0,11,9
1500000US245102503032,245102503032,"Block Group 2, Census Tract 2503.03, Baltimore city, Maryland",1021,695,188,12,47,5,25,49
1500000US245102503033,245102503033,"Block Group 3, Census Tract 2503.03, Baltimore city, Maryland",642,503,81,1,22,1,14,20
1500000US245102504011,245102504011,"Block Group 1, Census Tract 2504.01, Baltimore city, Maryland",1637,1002,489,13,16,0,42,75
1500000US245102504012,245102504012,"Block Group 2, Census Tract 2504.01, Baltimore city, Maryland",936,677,152,6,48,0,22,31
1500000US245102504013,245102504013,"Block Group 3, Census Tract 2504.01, Baltimore city, Maryland",1250,743,260,3,43,0,125,76
1500000US245102504021,245102504021,"Block Group 1, Census Tract 2504.02, Baltimore city, Maryland",1390,572,712,6,22,1,23,54
1500000US245102504022,245102504022,"Block Group 2, Census Tract 2504.02, Baltimore city, Maryland",995,69,867,2,0,0,4,53
1500000US245102504023,245102504023,"Block Group 3, Census Tract 2504.02, Baltimore city, Maryland",1404,727,405,3,6,1,200,62
1500000US245102504024,245102504024,"Block Group 4, Census Tract 2504.02, Baltimore city, Maryland",1141,634,399,11,4,0,40,53
1500000US245102505001,245102505001,"Block Group 1, Census Tract 2505, Baltimore city, Maryland",2,0,2,0,0,0,0,0
1500000US245102505002,245102505002,"Block Group 2, Census Tract 2505, Baltimore city, Maryland",122,79,38,0,1,0,0,4
1500000US245102505003,245102505003,"Block Group 3, Census Tract 2505, Baltimore city, Maryland",2156,1405,484,15,76,0,54,122
1500000US245102505004,245102505004,"Block Group 4, Census Tract 2505, Baltimore city, Maryland",1301,743,413,13,20,0,33,79
1500000US245102505005,245102505005,"Block Group 5, Census Tract 2505, Baltimore city, Maryland",1887,748,971,10,17,0,50,91
1500000US245102506001,245102506001,"Block Group 1, Census Tract 2506, Baltimore city, Maryland",22,17,1,0,0,0,4,0
1500000US245102601011,245102601011,"Block Group 1, Census Tract 2601.01, Baltimore city, Maryland",837,447,361,3,11,0,5,10
1500000US245102601012,245102601012,"Block Group 2, Census Tract 2601.01, Baltimore city, Maryland",835,342,461,3,15,0,0,14
1500000US245102601013,245102601013,"Block Group 3, Census Tract 2601.01, Baltimore city, Maryland",1302,186,1066,4,5,0,10,31
1500000US245102601014,245102601014,"Block Group 4, Census Tract 2601.01, Baltimore city, Maryland",740,215,503,2,4,0,8,8
1500000US245102601015,245102601015,"Block Group 5, Census Tract 2601.01, Baltimore city, Maryland",1049,429,557,4,26,0,11,22
1500000US245102601021,245102601021,"Block Group 1, Census Tract 2601.02, Baltimore city, Maryland",1123,81,1020,0,6,0,0,16
1500000US245102601022,245102601022,"Block Group 2, Census Tract 2601.02, Baltimore city, Maryland",840,75,747,2,0,0,3,13
1500000US245102601023,245102601023,"Block Group 3, Census Tract 2601.02, Baltimore city, Maryland",649,66,554,2,7,0,7,13
1500000US245102601024,245102601024,"Block Group 4, Census Tract 2601.02, Baltimore city, Maryland",922,227,663,1,3,0,0,28
1500000US245102601025,245102601025,"Block Group 5, Census Tract 2601.02, Baltimore city, Maryland",1377,254,1039,7,13,0,18,46
1500000US245102602011,245102602011,"Block Group 1, Census Tract 2602.01, Baltimore city, Maryland",1042,258,739,1,10,0,22,12
1500000US245102602012,245102602012,"Block Group 2, Census Tract 2602.01, Baltimore city, Maryland",981,165,752,3,21,0,11,29
1500000US245102602013,245102602013,"Block Group 3, Census Tract 2602.01, Baltimore city, Maryland",824,102,675,8,1,1,14,23
1500000US245102602014,245102602014,"Block Group 4, Census Tract 2602.01, Baltimore city, Maryland",2269,104,2004,7,92,0,2,60
1500000US245102602021,245102602021,"Block Group 1, Census Tract 2602.02, Baltimore city, Maryland",652,67,572,2,5,0,1,5
1500000US245102602022,245102602022,"Block Group 2, Census Tract 2602.02, Baltimore city, Maryland",2308,213,1739,10,253,1,12,80
1500000US245102602023,245102602023,"Block Group 3, Census Tract 2602.02, Baltimore city, Maryland",1733,114,1583,3,7,0,6,20
1500000US245102602024,245102602024,"Block Group 4, Census Tract 2602.02, Baltimore city, Maryland",1244,129,1079,4,8,1,9,14
1500000US245102602031,245102602031,"Block Group 1, Census Tract 2602.03, Baltimore city, Maryland",1870,86,1696,4,39,0,0,45
1500000US245102602032,245102602032,"Block Group 2, Census Tract 2602.03, Baltimore city, Maryland",960,116,821,4,8,0,1,10
1500000US245102603011,245102603011,"Block Group 1, Census Tract 2603.01, Baltimore city, Maryland",843,68,763,3,2,0,1,6
1500000US245102603012,245102603012,"Block Group 2, Census Tract 2603.01, Baltimore city, Maryland",1043,83,944,1,2,0,4,9
1500000US245102603013,245102603013,"Block Group 3, Census Tract 2603.01, Baltimore city, Maryland",824,65,736,3,0,0,5,15
1500000US245102603014,245102603014,"Block Group 4, Census Tract 2603.01, Baltimore city, Maryland",773,43,704,2,2,0,12,10
1500000US245102603015,245102603015,"Block Group 5, Census Tract 2603.01, Baltimore city, Maryland",1450,84,1339,2,9,0,4,12
1500000US245102603021,245102603021,"Block Group 1, Census Tract 2603.02, Baltimore city, Maryland",649,46,598,0,1,0,0,4
1500000US245102603022,245102603022,"Block Group 2, Census Tract 2603.02, Baltimore city, Maryland",910,100,796,1,5,0,1,7
1500000US245102603023,245102603023,"Block Group 3, Census Tract 2603.02, Baltimore city, Maryland",791,51,730,1,1,0,1,7
1500000US245102603024,245102603024,"Block Group 4, Census Tract 2603.02, Baltimore city, Maryland",1958,120,1789,6,10,0,11,22
1500000US245102603025,245102603025,"Block Group 5, Census Tract 2603.02, Baltimore city, Maryland",728,70,635,1,2,0,1,19
1500000US245102603026,245102603026,"Block Group 6, Census Tract 2603.02, Baltimore city, Maryland",1058,56,963,0,12,0,10,17
1500000US245102603031,245102603031,"Block Group 1, Census Tract 2603.03, Baltimore city, Maryland",778,217,492,12,2,0,28,27
1500000US245102604011,245102604011,"Block Group 1, Census Tract 2604.01, Baltimore city, Maryland",1044,812,27,10,3,1,131,60
1500000US245102604012,245102604012,"Block Group 2, Census Tract 2604.01, Baltimore city, Maryland",1641,1307,52,26,4,4,184,64
1500000US245102604013,245102604013,"Block Group 3, Census Tract 2604.01, Baltimore city, Maryland",545,406,16,12,7,3,77,24
1500000US245102604021,245102604021,"Block Group 1, Census Tract 2604.02, Baltimore city, Maryland",1496,47,1378,12,12,2,10,35
1500000US245102604022,245102604022,"Block Group 2, Census Tract 2604.02, Baltimore city, Maryland",1152,109,989,6,7,0,9,32
1500000US245102604031,245102604031,"Block Group 1, Census Tract 2604.03, Baltimore city, Maryland",1536,41,1444,2,10,0,18,21
1500000US245102604032,245102604032,"Block Group 2, Census Tract 2604.03, Baltimore city, Maryland",39,16,19,0,0,0,4,0
1500000US245102604041,245102604041,"Block Group 1, Census Tract 2604.04, Baltimore city, Maryland",14,9,4,0,0,0,1,0
1500000US245102604042,245102604042,"Block Group 2, Census Tract 2604.04, Baltimore city, Maryland",580,303,126,4,14,1,110,22
1500000US245102604043,245102604043,"Block Group 3, Census Tract 2604.04, Baltimore city, Maryland",1402,407,460,36,64,1,367,67
1500000US245102605011,245102605011,"Block Group 1, Census Tract 2605.01, Baltimore city, Maryland",2367,1535,266,7,131,0,351,77
1500000US245102605012,245102605012,"Block Group 2, Census Tract 2605.01, Baltimore city, Maryland",1494,1008,50,14,26,1,346,49
1500000US245102605013,245102605013,"Block Group 3, Census Tract 2605.01, Baltimore city, Maryland",1014,825,52,5,16,1,89,26
1500000US245102606041,245102606041,"Block Group 1, Census Tract 2606.04, Baltimore city, Maryland",597,148,382,1,2,0,47,17
1500000US245102606042,245102606042,"Block Group 2, Census Tract 2606.04, Baltimore city, Maryland",417,240,104,6,12,0,42,13
1500000US245102606043,245102606043,"Block Group 3, Census Tract 2606.04, Baltimore city, Maryland",451,71,337,1,0,0,21,21
1500000US245102606051,245102606051,"Block Group 1, Census Tract 2606.05, Baltimore city, Maryland",1197,895,93,29,53,0,69,58
1500000US245102606052,245102606052,"Block Group 2, Census Tract 2606.05, Baltimore city, Maryland",1726,1062,343,28,18,1,231,43
1500000US245102606053,245102606053,"Block Group 3, Census Tract 2606.05, Baltimore city, Maryland",1127,525,313,15,33,2,189,50
1500000US245102606054,245102606054,"Block Group 4, Census Tract 2606.05, Baltimore city, Maryland",608,499,55,6,0,5,21,22
1500000US245102606055,245102606055,"Block Group 5, Census Tract 2606.05, Baltimore city, Maryland",120,99,15,3,1,0,0,2
1500000US245102606056,245102606056,"Block Group 6, Census Tract 2606.05, Baltimore city, Maryland",17,10,2,0,0,0,5,0
1500000US245102607001,245102607001,"Block Group 1, Census Tract 2607, Baltimore city, Maryland",1116,706,106,20,12,10,203,59
1500000US245102607002,245102607002,"Block Group 2, Census Tract 2607, Baltimore city, Maryland",1144,743,110,7,19,0,232,33
1500000US245102608001,245102608001,"Block Group 1, Census Tract 2608, Baltimore city, Maryland",1412,656,321,23,39,8,311,54
1500000US245102608002,245102608002,"Block Group 2, Census Tract 2608, Baltimore city, Maryland",1235,696,156,17,12,2,282,70
1500000US245102609001,245102609001,"Block Group 1, Census Tract 2609, Baltimore city, Maryland",958,745,45,16,32,1,87,32
1500000US245102609002,245102609002,"Block Group 2, Census Tract 2609, Baltimore city, Maryland",868,746,32,13,15,0,40,22
1500000US245102609003,245102609003,"Block Group 3, Census Tract 2609, Baltimore city, Maryland",826,736,32,0,37,0,9,12
1500000US245102610001,245102610001,"Block Group 1, Census Tract 2610, Baltimore city, Maryland",728,68,518,9,19,0,88,26
1500000US245102610002,245102610002,"Block Group 2, Census Tract 2610, Baltimore city, Maryland",693,144,349,29,9,0,147,15
1500000US245102610003,245102610003,"Block Group 3, Census Tract 2610, Baltimore city, Maryland",795,249,253,20,3,0,250,20
1500000US245102610004,245102610004,"Block Group 4, Census Tract 2610, Baltimore city, Maryland",1037,694,174,5,12,0,110,42
1500000US245102611001,245102611001,"Block Group 1, Census Tract 2611, Baltimore city, Maryland",816,676,48,19,17,5,29,22
1500000US245102611002,245102611002,"Block Group 2, Census Tract 2611, Baltimore city, Maryland",1135,1022,36,5,36,0,2,34
1500000US245102701011,245102701011,"Block Group 1, Census Tract 2701.01, Baltimore city, Maryland",720,502,189,3,7,0,6,13
1500000US245102701012,245102701012,"Block Group 2, Census Tract 2701.01, Baltimore city, Maryland",978,252,653,3,12,0,6,52
1500000US245102701021,245102701021,"Block Group 1, Census Tract 2701.02, Baltimore city, Maryland",797,212,566,1,4,1,3,10
1500000US245102701022,245102701022,"Block Group 2, Census Tract 2701.02, Baltimore city, Maryland",836,172,631,4,3,0,2,24
1500000US245102701023,245102701023,"Block Group 3, Census Tract 2701.02, Baltimore city, Maryland",938,169,712,2,7,0,17,31
1500000US245102701024,245102701024,"Block Group 4, Census Tract 2701.02, Baltimore city, Maryland",1178,367,767,3,6,0,5,30
1500000US245102702001,245102702001,"Block Group 1, Census Tract 2702, Baltimore city, Maryland",595,330,244,0,2,0,6,13
1500000US245102702002,245102702002,"Block Group 2, Census Tract 2702, Baltimore city, Maryland",671,378,231,1,14,0,16,31
1500000US245102702003,245102702003,"Block Group 3, Census Tract 2702, Baltimore city, Maryland",648,309,310,12,3,0,1,13
1500000US245102703011,245102703011,"Block Group 1, Census Tract 2703.01, Baltimore city, Maryland",667,313,324,2,1,0,11,16
1500000US245102703012,245102703012,"Block Group 2, Census Tract 2703.01, Baltimore city, Maryland",794,313,423,3,24,0,10,21
1500000US245102703013,245102703013,"Block Group 3, Census Tract 2703.01, Baltimore city, Maryland",578,99,451,2,2,1,0,23
1500000US245102703014,245102703014,"Block Group 4, Census Tract 2703.01, Baltimore city, Maryland",1109,330,741,2,9,0,10,17
1500000US245102703021,245102703021,"Block Group 1, Census Tract 2703.02, Baltimore city, Maryland",875,380,443,2,17,0,8,25
1500000US245102703022,245102703022,"Block Group 2, Census Tract 2703.02, Baltimore city, Maryland",889,379,471,2,10,0,9,18
1500000US245102704011,245102704011,"Block Group 1, Census Tract 2704.01, Baltimore city, Maryland",1969,646,1216,16,20,1,16,54
1500000US245102704012,245102704012,"Block Group 2, Census Tract 2704.01, Baltimore city, Maryland",1420,447,923,10,12,0,6,22
1500000US245102704013,245102704013,"Block Group 3, Census Tract 2704.01, Baltimore city, Maryland",1199,210,935,1,13,0,19,21
1500000US245102704014,245102704014,"Block Group 4, Census Tract 2704.01, Baltimore city, Maryland",824,257,534,0,5,0,7,21
1500000US245102704021,245102704021,"Block Group 1, Census Tract 2704.02, Baltimore city, Maryland",677,249,392,1,1,0,8,26
1500000US245102704022,245102704022,"Block Group 2, Census Tract 2704.02, Baltimore city, Maryland",701,337,332,3,10,0,4,15
1500000US245102704023,245102704023,"Block Group 3, Census Tract 2704.02, Baltimore city, Maryland",641,311,292,0,25,0,2,11
1500000US245102704024,245102704024,"Block Group 4, Census Tract 2704.02, Baltimore city, Maryland",1210,535,624,2,9,0,7,33
1500000US245102705011,245102705011,"Block Group 1, Census Tract 2705.01, Baltimore city, Maryland",754,559,143,7,15,0,19,11
1500000US245102705012,245102705012,"Block Group 2, Census Tract 2705.01, Baltimore city, Maryland",901,704,160,4,8,1,16,8
1500000US245102705013,245102705013,"Block Group 3, Census Tract 2705.01, Baltimore city, Maryland",1180,636,510,1,12,0,6,15
1500000US245102705014,245102705014,"Block Group 4, Census Tract 2705.01, Baltimore city, Maryland",1585,943,567,2,9,0,31,33
1500000US245102705021,245102705021,"Block Group 1, Census Tract 2705.02, Baltimore city, Maryland",995,442,509,4,10,0,9,21
1500000US245102705022,245102705022,"Block Group 2, Census Tract 2705.02, Baltimore city, Maryland",1308,471,748,15,20,1,8,45
1500000US245102705023,245102705023,"Block Group 3, Census Tract 2705.02, Baltimore city, Maryland",970,480,456,4,8,4,1,17
1500000US245102705024,245102705024,"Block Group 4, Census Tract 2705.02, Baltimore city, Maryland",1088,581,422,3,26,0,14,42
1500000US245102706001,245102706001,"Block Group 1, Census Tract 2706, Baltimore city, Maryland",542,270,237,0,15,0,0,20
1500000US245102706002,245102706002,"Block Group 2, Census Tract 2706, Baltimore city, Maryland",865,430,378,0,12,1,12,32
1500000US245102706003,245102706003,"Block Group 3, Census Tract 2706, Baltimore city, Maryland",971,356,579,0,8,0,10,18
1500000US245102706004,245102706004,"Block Group 4, Census Tract 2706, Baltimore city, Maryland",947,517,371,0,13,0,11,35
1500000US245102706005,245102706005,"Block Group 5, Census Tract 2706, Baltimore city, Maryland",638,124,480,2,9,0,16,7
1500000US245102706006,245102706006,"Block Group 6, Census Tract 2706, Baltimore city, Maryland",642,85,545,0,4,0,1,7
1500000US245102707011,245102707011,"Block Group 1, Census Tract 2707.01, Baltimore city, Maryland",2583,57,2436,11,7,0,18,54
1500000US245102707021,245102707021,"Block Group 1, Census Tract 2707.02, Baltimore city, Maryland",685,14,644,1,1,0,3,22
1500000US245102707022,245102707022,"Block Group 2, Census Tract 2707.02, Baltimore city, Maryland",824,179,603,3,14,0,8,17
1500000US245102707023,245102707023,"Block Group 3, Census Tract 2707.02, Baltimore city, Maryland",824,427,352,6,8,0,5,26
1500000US245102707031,245102707031,"Block Group 1, Census Tract 2707.03, Baltimore city, Maryland",933,651,214,5,11,0,34,18
1500000US245102707032,245102707032,"Block Group 2, Census Tract 2707.03, Baltimore city, Maryland",993,626,302,1,10,1,18,35
1500000US245102707033,245102707033,"Block Group 3, Census Tract 2707.03, Baltimore city, Maryland",972,451,495,0,9,0,10,7
1500000US245102708011,245102708011,"Block Group 1, Census Tract 2708.01, Baltimore city, Maryland",954,99,820,1,10,1,6,17
1500000US245102708012,245102708012,"Block Group 2, Census Tract 2708.01, Baltimore city, Maryland",943,112,805,6,6,0,5,9
1500000US245102708013,245102708013,"Block Group 3, Census Tract 2708.01, Baltimore city, Maryland",897,93,774,1,9,0,6,14
1500000US245102708014,245102708014,"Block Group 4, Census Tract 2708.01, Baltimore city, Maryland",1257,203,992,0,24,0,13,25
1500000US245102708021,245102708021,"Block Group 1, Census Tract 2708.02, Baltimore city, Maryland",856,65,769,1,8,0,0,13
1500000US245102708022,245102708022,"Block Group 2, Census Tract 2708.02, Baltimore city, Maryland",1162,34,1073,0,9,0,10,36
1500000US245102708023,245102708023,"Block Group 3, Census Tract 2708.02, Baltimore city, Maryland",759,14,719,3,4,0,7,12
1500000US245102708024,245102708024,"Block Group 4, Census Tract 2708.02, Baltimore city, Maryland",1370,54,1261,1,10,4,4,36
1500000US245102708025,245102708025,"Block Group 5, Census Tract 2708.02, Baltimore city, Maryland",845,35,795,2,2,0,0,11
1500000US245102708031,245102708031,"Block Group 1, Census Tract 2708.03, Baltimore city, Maryland",2571,136,2379,0,13,0,8,35
1500000US245102708032,245102708032,"Block Group 2, Census Tract 2708.03, Baltimore city, Maryland",1679,140,1396,3,102,0,8,30
1500000US245102708033,245102708033,"Block Group 3, Census Tract 2708.03, Baltimore city, Maryland",2018,241,1738,1,7,0,6,25
1500000US245102708041,245102708041,"Block Group 1, Census Tract 2708.04, Baltimore city, Maryland",976,292,496,1,46,5,98,38
1500000US245102708042,245102708042,"Block Group 2, Census Tract 2708.04, Baltimore city, Maryland",589,179,378,2,11,0,2,17
1500000US245102708043,245102708043,"Block Group 3, Census Tract 2708.04, Baltimore city, Maryland",632,493,102,0,19,3,5,10
1500000US245102708044,245102708044,"Block Group 4, Census Tract 2708.04, Baltimore city, Maryland",607,360,190,2,26,0,19,10
1500000US245102708051,245102708051,"Block Group 1, Census Tract 2708.05, Baltimore city, Maryland",1038,65,928,13,4,0,6,22
1500000US245102708052,245102708052,"Block Group 2, Census Tract 2708.05, Baltimore city, Maryland",924,30,877,5,0,1,1,10
1500000US245102708053,245102708053,"Block Group 3, Census Tract 2708.05, Baltimore city, Maryland",1011,77,898,3,4,0,11,18
1500000US245102708054,245102708054,"Block Group 4, Census Tract 2708.05, Baltimore city, Maryland",988,76,872,1,17,0,0,22
1500000US245102708055,245102708055,"Block Group 5, Census Tract 2708.05, Baltimore city, Maryland",991,303,659,2,7,1,4,15
1500000US245102709011,245102709011,"Block Group 1, Census Tract 2709.01, Baltimore city, Maryland",955,30,903,1,13,0,1,7
1500000US245102709012,245102709012,"Block Group 2, Census Tract 2709.01, Baltimore city, Maryland",1128,22,1084,0,0,0,12,10
1500000US245102709013,245102709013,"Block Group 3, Census Tract 2709.01, Baltimore city, Maryland",1960,29,1873,6,5,0,8,39
1500000US245102709021,245102709021,"Block Group 1, Census Tract 2709.02, Baltimore city, Maryland",1871,72,1762,1,8,0,6,22
1500000US245102709022,245102709022,"Block Group 2, Census Tract 2709.02, Baltimore city, Maryland",1339,147,1146,4,6,0,7,29
1500000US245102709023,245102709023,"Block Group 3, Census Tract 2709.02, Baltimore city, Maryland",1544,53,1461,5,3,0,3,19
1500000US245102709031,245102709031,"Block Group 1, Census Tract 2709.03, Baltimore city, Maryland",2460,58,2342,3,20,1,3,33
1500000US245102709032,245102709032,"Block Group 2, Census Tract 2709.03, Baltimore city, Maryland",1248,286,880,2,16,2,27,35
1500000US245102709033,245102709033,"Block Group 3, Census Tract 2709.03, Baltimore city, Maryland",895,42,795,1,3,0,30,24
1500000US245102710011,245102710011,"Block Group 1, Census Tract 2710.01, Baltimore city, Maryland",819,16,782,4,6,0,2,9
1500000US245102710012,245102710012,"Block Group 2, Census Tract 2710.01, Baltimore city, Maryland",558,18,526,2,1,0,0,11
1500000US245102710013,245102710013,"Block Group 3, Census Tract 2710.01, Baltimore city, Maryland",921,33,859,1,0,0,11,17
1500000US245102710021,245102710021,"Block Group 1, Census Tract 2710.02, Baltimore city, Maryland",1206,25,1167,1,2,0,3,8
1500000US245102710022,245102710022,"Block Group 2, Census Tract 2710.02, Baltimore city, Maryland",676,6,649,8,2,0,0,11
1500000US245102710023,245102710023,"Block Group 3, Census Tract 2710.02, Baltimore city, Maryland",566,24,516,6,2,0,4,14
1500000US245102710024,245102710024,"Block Group 4, Census Tract 2710.02, Baltimore city, Maryland",775,50,702,4,0,0,1,18
1500000US245102710025,245102710025,"Block Group 5, Census Tract 2710.02, Baltimore city, Maryland",909,20,864,3,2,0,5,15
1500000US245102711011,245102711011,"Block Group 1, Census Tract 2711.01, Baltimore city, Maryland",1045,627,306,1,82,0,9,20
1500000US245102711012,245102711012,"Block Group 2, Census Tract 2711.01, Baltimore city, Maryland",15,13,0,0,2,0,0,0
1500000US245102711013,245102711013,"Block Group 3, Census Tract 2711.01, Baltimore city, Maryland",986,531,398,1,24,0,7,25
1500000US245102711021,245102711021,"Block Group 1, Census Tract 2711.02, Baltimore city, Maryland",3636,3166,190,7,124,1,42,106
1500000US245102711022,245102711022,"Block Group 2, Census Tract 2711.02, Baltimore city, Maryland",889,643,199,0,17,0,12,18
1500000US245102712001,245102712001,"Block Group 1, Census Tract 2712, Baltimore city, Maryland",660,591,36,3,15,0,3,12
1500000US245102712002,245102712002,"Block Group 2, Census Tract 2712, Baltimore city, Maryland",1231,853,286,5,38,0,8,41
1500000US245102712003,245102712003,"Block Group 3, Census Tract 2712, Baltimore city, Maryland",974,848,71,1,26,0,5,23
1500000US245102712004,245102712004,"Block Group 4, Census Tract 2712, Baltimore city, Maryland",932,849,23,0,36,0,9,15
1500000US245102712005,245102712005,"Block Group 5, Census Tract 2712, Baltimore city, Maryland",1008,853,117,3,24,0,1,10
1500000US245102712006,245102712006,"Block Group 6, Census Tract 2712, Baltimore city, Maryland",1298,1086,110,2,69,0,3,28
1500000US245102713001,245102713001,"Block Group 1, Census Tract 2713, Baltimore city, Maryland",1426,968,169,1,262,0,1,25
1500000US245102713002,245102713002,"Block Group 2, Census Tract 2713, Baltimore city, Maryland",558,488,23,0,23,0,4,20
1500000US245102713003,245102713003,"Block Group 3, Census Tract 2713, Baltimore city, Maryland",807,757,8,1,23,0,6,12
1500000US245102714001,245102714001,"Block Group 1, Census Tract 2714, Baltimore city, Maryland",836,632,161,9,16,1,5,12
1500000US245102714002,245102714002,"Block Group 2, Census Tract 2714, Baltimore city, Maryland",1237,1142,28,2,25,0,6,34
1500000US245102714003,245102714003,"Block Group 3, Census Tract 2714, Baltimore city, Maryland",1657,1130,112,3,352,0,14,46
1500000US245102715011,245102715011,"Block Group 1, Census Tract 2715.01, Baltimore city, Maryland",708,607,60,0,18,0,7,16
1500000US245102715012,245102715012,"Block Group 2, Census Tract 2715.01, Baltimore city, Maryland",525,415,66,3,14,3,0,24
1500000US245102715013,245102715013,"Block Group 3, Census Tract 2715.01, Baltimore city, Maryland",693,611,41,0,19,0,3,19
1500000US245102715014,245102715014,"Block Group 4, Census Tract 2715.01, Baltimore city, Maryland",1050,871,111,2,22,0,16,28
1500000US245102715015,245102715015,"Block Group 5, Census Tract 2715.01, Baltimore city, Maryland",1207,917,151,3,97,0,4,35
1500000US245102715031,245102715031,"Block Group 1, Census Tract 2715.03, Baltimore city, Maryland",856,725,85,0,25,1,5,15
1500000US245102716001,245102716001,"Block Group 1, Census Tract 2716, Baltimore city, Maryland",773,4,751,4,0,0,0,14
1500000US245102716002,245102716002,"Block Group 2, Census Tract 2716, Baltimore city, Maryland",884,16,841,5,7,0,4,11
1500000US245102716003,245102716003,"Block Group 3, Census Tract 2716, Baltimore city, Maryland",740,30,702,3,0,0,0,5
1500000US245102716004,245102716004,"Block Group 4, Census Tract 2716, Baltimore city, Maryland",870,21,828,2,6,0,1,12
1500000US245102716005,245102716005,"Block Group 5, Census Tract 2716, Baltimore city, Maryland",466,8,443,9,0,0,3,3
1500000US245102716006,245102716006,"Block Group 6, Census Tract 2716, Baltimore city, Maryland",790,24,748,5,0,0,0,13
1500000US245102717001,245102717001,"Block Group 1, Census Tract 2717, Baltimore city, Maryland",452,155,287,4,1,0,0,5
1500000US245102717002,245102717002,"Block Group 2, Census Tract 2717, Baltimore city, Maryland",940,15,905,0,1,0,11,8
1500000US245102717003,245102717003,"Block Group 3, Census Tract 2717, Baltimore city, Maryland",971,22,921,6,5,0,6,11
1500000US245102717004,245102717004,"Block Group 4, Census Tract 2717, Baltimore city, Maryland",1402,52,1330,1,0,0,3,16
1500000US245102717005,245102717005,"Block Group 5, Census Tract 2717, Baltimore city, Maryland",1340,24,1281,1,3,0,3,28
1500000US245102717006,245102717006,"Block Group 6, Census Tract 2717, Baltimore city, Maryland",543,4,529,0,5,0,2,3
1500000US245102718011,245102718011,"Block Group 1, Census Tract 2718.01, Baltimore city, Maryland",783,4,758,0,3,0,4,14
1500000US245102718012,245102718012,"Block Group 2, Census Tract 2718.01, Baltimore city, Maryland",1046,15,1003,2,5,0,1,20
1500000US245102718013,245102718013,"Block Group 3, Census Tract 2718.01, Baltimore city, Maryland",1346,21,1295,1,2,0,7,20
1500000US245102718021,245102718021,"Block Group 1, Census Tract 2718.02, Baltimore city, Maryland",458,5,446,1,1,0,1,4
1500000US245102718022,245102718022,"Block Group 2, Census Tract 2718.02, Baltimore city, Maryland",608,3,595,1,0,0,4,5
1500000US245102718023,245102718023,"Block Group 3, Census Tract 2718.02, Baltimore city, Maryland",717,16,677,1,0,0,1,22
1500000US245102718024,245102718024,"Block Group 4, Census Tract 2718.02, Baltimore city, Maryland",1210,15,1173,0,0,0,8,14
1500000US245102719001,245102719001,"Block Group 1, Census Tract 2719, Baltimore city, Maryland",746,408,296,2,12,0,5,23
1500000US245102719002,245102719002,"Block Group 2, Census Tract 2719, Baltimore city, Maryland",672,76,569,4,3,0,9,11
1500000US245102719003,245102719003,"Block Group 3, Census Tract 2719, Baltimore city, Maryland",829,156,643,4,1,0,9,16
1500000US245102719004,245102719004,"Block Group 4, Census Tract 2719, Baltimore city, Maryland",733,123,589,1,4,0,6,10
1500000US245102719005,245102719005,"Block Group 5, Census Tract 2719, Baltimore city, Maryland",793,39,733,1,1,0,6,13
1500000US245102720031,245102720031,"Block Group 1, Census Tract 2720.03, Baltimore city, Maryland",810,676,94,0,17,3,15,5
1500000US245102720032,245102720032,"Block Group 2, Census Tract 2720.03, Baltimore city, Maryland",831,536,196,1,74,0,3,21
1500000US245102720033,245102720033,"Block Group 3, Census Tract 2720.03, Baltimore city, Maryland",1494,619,822,1,9,0,15,28
1500000US245102720034,245102720034,"Block Group 4, Census Tract 2720.03, Baltimore city, Maryland",1818,1394,368,0,13,0,15,28
1500000US245102720035,245102720035,"Block Group 5, Census Tract 2720.03, Baltimore city, Maryland",864,711,124,0,10,1,7,11
1500000US245102720041,245102720041,"Block Group 1, Census Tract 2720.04, Baltimore city, Maryland",1667,1288,206,6,133,7,6,21
1500000US245102720042,245102720042,"Block Group 2, Census Tract 2720.04, Baltimore city, Maryland",2121,1651,344,2,91,0,11,22
1500000US245102720051,245102720051,"Block Group 1, Census Tract 2720.05, Baltimore city, Maryland",1121,925,166,0,13,0,1,16
1500000US245102720052,245102720052,"Block Group 2, Census Tract 2720.05, Baltimore city, Maryland",930,855,64,0,3,0,5,3
1500000US245102720053,245102720053,"Block Group 3, Census Tract 2720.05, Baltimore city, Maryland",1378,910,294,2,118,0,32,22
1500000US245102720061,245102720061,"Block Group 1, Census Tract 2720.06, Baltimore city, Maryland",2229,946,1226,5,7,3,15,27
1500000US245102720062,245102720062,"Block Group 2, Census Tract 2720.06, Baltimore city, Maryland",1319,825,468,0,1,0,9,16
1500000US245102720071,245102720071,"Block Group 1, Census Tract 2720.07, Baltimore city, Maryland",2390,873,1027,18,61,18,344,49
1500000US245102720072,245102720072,"Block Group 2, Census Tract 2720.07, Baltimore city, Maryland",1144,446,547,5,76,10,41,19
1500000US245102720073,245102720073,"Block Group 3, Census Tract 2720.07, Baltimore city, Maryland",833,317,456,4,13,0,21,22
1500000US245102801011,245102801011,"Block Group 1, Census Tract 2801.01, Baltimore city, Maryland",873,61,755,2,2,0,27,26
1500000US245102801012,245102801012,"Block Group 2, Census Tract 2801.01, Baltimore city, Maryland",1295,87,1126,7,24,2,25,24
1500000US245102801013,245102801013,"Block Group 3, Census Tract 2801.01, Baltimore city, Maryland",1058,22,1016,0,5,0,2,13
1500000US245102801021,245102801021,"Block Group 1, Census Tract 2801.02, Baltimore city, Maryland",400,20,369,0,0,0,4,7
1500000US245102801022,245102801022,"Block Group 2, Census Tract 2801.02, Baltimore city, Maryland",1026,23,980,7,3,0,4,9
1500000US245102801023,245102801023,"Block Group 3, Census Tract 2801.02, Baltimore city, Maryland",988,22,941,3,3,0,8,11
1500000US245102801024,245102801024,"Block Group 4, Census Tract 2801.02, Baltimore city, Maryland",1541,28,1479,6,5,0,1,22
1500000US245102801025,245102801025,"Block Group 5, Census Tract 2801.02, Baltimore city, Maryland",1322,11,1267,6,1,0,7,30
1500000US245102801026,245102801026,"Block Group 6, Census Tract 2801.02, Baltimore city, Maryland",768,1,749,1,1,0,12,4
1500000US245102802001,245102802001,"Block Group 1, Census Tract 2802, Baltimore city, Maryland",1170,43,1107,0,7,0,0,13
1500000US245102802002,245102802002,"Block Group 2, Census Tract 2802, Baltimore city, Maryland",592,15,572,1,1,0,2,1
1500000US245102802003,245102802003,"Block Group 3, Census Tract 2802, Baltimore city, Maryland",620,17,586,0,2,0,0,15
1500000US245102802004,245102802004,"Block Group 4, Census Tract 2802, Baltimore city, Maryland",813,31,756,2,3,0,7,14
1500000US245102802005,245102802005,"Block Group 5, Census Tract 2802, Baltimore city, Maryland",859,38,798,2,0,0,8,13
1500000US245102802006,245102802006,"Block Group 6, Census Tract 2802, Baltimore city, Maryland",774,23,714,4,8,0,6,19
1500000US245102803011,245102803011,"Block Group 1, Census Tract 2803.01, Baltimore city, Maryland",1042,73,950,3,1,0,6,9
1500000US245102803012,245102803012,"Block Group 2, Census Tract 2803.01, Baltimore city, Maryland",1136,79,1035,4,5,0,5,8
1500000US245102803013,245102803013,"Block Group 3, Census Tract 2803.01, Baltimore city, Maryland",1923,205,1654,4,13,0,19,28
1500000US245102803021,245102803021,"Block Group 1, Census Tract 2803.02, Baltimore city, Maryland",1328,18,1285,3,0,0,6,16
1500000US245102803022,245102803022,"Block Group 2, Census Tract 2803.02, Baltimore city, Maryland",954,73,854,3,5,0,3,16
1500000US245102804011,245102804011,"Block Group 1, Census Tract 2804.01, Baltimore city, Maryland",753,115,607,0,5,0,1,25
1500000US245102804012,245102804012,"Block Group 2, Census Tract 2804.01, Baltimore city, Maryland",599,204,383,2,2,1,0,7
1500000US245102804013,245102804013,"Block Group 3, Census Tract 2804.01, Baltimore city, Maryland",711,87,604,2,2,0,5,11
1500000US245102804014,245102804014,"Block Group 4, Census Tract 2804.01, Baltimore city, Maryland",922,52,841,0,13,0,4,12
1500000US245102804015,245102804015,"Block Group 5, Census Tract 2804.01, Baltimore city, Maryland",580,43,532,0,0,0,0,5
1500000US245102804021,245102804021,"Block Group 1, Census Tract 2804.02, Baltimore city, Maryland",473,14,442,8,3,0,1,5
1500000US245102804022,245102804022,"Block Group 2, Census Tract 2804.02, Baltimore city, Maryland",1101,5,1078,1,0,0,4,13
1500000US245102804031,245102804031,"Block Group 1, Census Tract 2804.03, Baltimore city, Maryland",958,58,882,2,3,2,2,9
1500000US245102804032,245102804032,"Block Group 2, Census Tract 2804.03, Baltimore city, Maryland",1006,192,772,0,14,3,14,11
1500000US245102804033,245102804033,"Block Group 3, Census Tract 2804.03, Baltimore city, Maryland",1872,597,1205,3,14,1,8,44
1500000US245102804034,245102804034,"Block Group 4, Census Tract 2804.03, Baltimore city, Maryland",580,206,342,6,10,0,4,12
1500000US245102804035,245102804035,"Block Group 5, Census Tract 2804.03, Baltimore city, Maryland",657,247,367,1,12,2,0,28
1500000US245102804041,245102804041,"Block Group 1, Census Tract 2804.04, Baltimore city, Maryland",2257,110,2100,9,7,0,5,26
1500000US245102804042,245102804042,"Block Group 2, Census Tract 2804.04, Baltimore city, Maryland",10,3,7,0,0,0,0,0
1500000US245102805001,245102805001,"Block Group 1, Census Tract 2805, Baltimore city, Maryland",882,46,728,1,91,0,1,15
1500000US245102805002,245102805002,"Block Group 2, Census Tract 2805, Baltimore city, Maryland",1767,204,1527,2,3,2,14,15
1500000US245102805003,245102805003,"Block Group 3, Census Tract 2805, Baltimore city, Maryland",507,19,456,1,17,0,0,14
1500000US245102805004,245102805004,"Block Group 4, Census Tract 2805, Baltimore city, Maryland",393,4,387,0,0,0,0,2
