GEO.id,GEO.id2,GEO.display-label,D001
Id,Id2,Geography,Total
1500000US245100101001,245100101001,"Block Group 1, Census Tract 101, Baltimore city, Maryland",1135
1500000US245100101002,245100101002,"Block Group 2, Census Tract 101, Baltimore city, Maryland",967
1500000US245100101003,245100101003,"Block Group 3, Census Tract 101, Baltimore city, Maryland",920
1500000US245100102001,245100102001,"Block Group 1, Census Tract 102, Baltimore city, Maryland",825
1500000US245100102002,245100102002,"Block Group 2, Census Tract 102, Baltimore city, Maryland",578
1500000US245100102003,245100102003,"Block Group 3, Census Tract 102, Baltimore city, Maryland",942
1500000US245100102004,245100102004,"Block Group 4, Census Tract 102, Baltimore city, Maryland",664
1500000US245100103001,245100103001,"Block Group 1, Census Tract 103, Baltimore city, Maryland",938
1500000US245100103002,245100103002,"Block Group 2, Census Tract 103, Baltimore city, Maryland",1270
1500000US245100104001,245100104001,"Block Group 1, Census Tract 104, Baltimore city, Maryland",910
1500000US245100104002,245100104002,"Block Group 2, Census Tract 104, Baltimore city, Maryland",1960
1500000US245100105001,245100105001,"Block Group 1, Census Tract 105, Baltimore city, Maryland",846
1500000US245100105002,245100105002,"Block Group 2, Census Tract 105, Baltimore city, Maryland",878
1500000US245100201001,245100201001,"Block Group 1, Census Tract 201, Baltimore city, Maryland",726
1500000US245100201002,245100201002,"Block Group 2, Census Tract 201, Baltimore city, Maryland",1158
1500000US245100202001,245100202001,"Block Group 1, Census Tract 202, Baltimore city, Maryland",902
1500000US245100202002,245100202002,"Block Group 2, Census Tract 202, Baltimore city, Maryland",1185
1500000US245100203001,245100203001,"Block Group 1, Census Tract 203, Baltimore city, Maryland",1141
1500000US245100203002,245100203002,"Block Group 2, Census Tract 203, Baltimore city, Maryland",1040
1500000US245100203003,245100203003,"Block Group 3, Census Tract 203, Baltimore city, Maryland",1163
1500000US245100301001,245100301001,"Block Group 1, Census Tract 301, Baltimore city, Maryland",2194
1500000US245100301002,245100301002,"Block Group 2, Census Tract 301, Baltimore city, Maryland",871
1500000US245100302001,245100302001,"Block Group 1, Census Tract 302, Baltimore city, Maryland",1222
1500000US245100302002,245100302002,"Block Group 2, Census Tract 302, Baltimore city, Maryland",1120
1500000US245100401001,245100401001,"Block Group 1, Census Tract 401, Baltimore city, Maryland",1691
1500000US245100401002,245100401002,"Block Group 2, Census Tract 401, Baltimore city, Maryland",2315
1500000US245100402001,245100402001,"Block Group 1, Census Tract 402, Baltimore city, Maryland",838
1500000US245100601001,245100601001,"Block Group 1, Census Tract 601, Baltimore city, Maryland",725
1500000US245100601002,245100601002,"Block Group 2, Census Tract 601, Baltimore city, Maryland",1128
1500000US245100601003,245100601003,"Block Group 3, Census Tract 601, Baltimore city, Maryland",703
1500000US245100601004,245100601004,"Block Group 4, Census Tract 601, Baltimore city, Maryland",666
1500000US245100602001,245100602001,"Block Group 1, Census Tract 602, Baltimore city, Maryland",535
1500000US245100602002,245100602002,"Block Group 2, Census Tract 602, Baltimore city, Maryland",541
1500000US245100602003,245100602003,"Block Group 3, Census Tract 602, Baltimore city, Maryland",718
1500000US245100602004,245100602004,"Block Group 4, Census Tract 602, Baltimore city, Maryland",830
1500000US245100602005,245100602005,"Block Group 5, Census Tract 602, Baltimore city, Maryland",641
1500000US245100603001,245100603001,"Block Group 1, Census Tract 603, Baltimore city, Maryland",697
1500000US245100603002,245100603002,"Block Group 2, Census Tract 603, Baltimore city, Maryland",1103
1500000US245100604001,245100604001,"Block Group 1, Census Tract 604, Baltimore city, Maryland",496
1500000US245100604002,245100604002,"Block Group 2, Census Tract 604, Baltimore city, Maryland",687
1500000US245100701001,245100701001,"Block Group 1, Census Tract 701, Baltimore city, Maryland",1192
1500000US245100701002,245100701002,"Block Group 2, Census Tract 701, Baltimore city, Maryland",1765
1500000US245100702001,245100702001,"Block Group 1, Census Tract 702, Baltimore city, Maryland",576
1500000US245100702002,245100702002,"Block Group 2, Census Tract 702, Baltimore city, Maryland",991
1500000US245100702003,245100702003,"Block Group 3, Census Tract 702, Baltimore city, Maryland",940
1500000US245100702004,245100702004,"Block Group 4, Census Tract 702, Baltimore city, Maryland",560
1500000US245100702005,245100702005,"Block Group 5, Census Tract 702, Baltimore city, Maryland",715
1500000US245100703001,245100703001,"Block Group 1, Census Tract 703, Baltimore city, Maryland",610
1500000US245100703002,245100703002,"Block Group 2, Census Tract 703, Baltimore city, Maryland",432
1500000US245100704001,245100704001,"Block Group 1, Census Tract 704, Baltimore city, Maryland",169
1500000US245100704002,245100704002,"Block Group 2, Census Tract 704, Baltimore city, Maryland",252
1500000US245100704003,245100704003,"Block Group 3, Census Tract 704, Baltimore city, Maryland",820
1500000US245100801011,245100801011,"Block Group 1, Census Tract 801.01, Baltimore city, Maryland",707
1500000US245100801012,245100801012,"Block Group 2, Census Tract 801.01, Baltimore city, Maryland",878
1500000US245100801013,245100801013,"Block Group 3, Census Tract 801.01, Baltimore city, Maryland",1288
1500000US245100801014,245100801014,"Block Group 4, Census Tract 801.01, Baltimore city, Maryland",1008
1500000US245100801021,245100801021,"Block Group 1, Census Tract 801.02, Baltimore city, Maryland",928
1500000US245100801022,245100801022,"Block Group 2, Census Tract 801.02, Baltimore city, Maryland",1580
1500000US245100802001,245100802001,"Block Group 1, Census Tract 802, Baltimore city, Maryland",425
1500000US245100802002,245100802002,"Block Group 2, Census Tract 802, Baltimore city, Maryland",594
1500000US245100802003,245100802003,"Block Group 3, Census Tract 802, Baltimore city, Maryland",566
1500000US245100803011,245100803011,"Block Group 1, Census Tract 803.01, Baltimore city, Maryland",447
1500000US245100803012,245100803012,"Block Group 2, Census Tract 803.01, Baltimore city, Maryland",941
1500000US245100803013,245100803013,"Block Group 3, Census Tract 803.01, Baltimore city, Maryland",696
1500000US245100803021,245100803021,"Block Group 1, Census Tract 803.02, Baltimore city, Maryland",466
1500000US245100803022,245100803022,"Block Group 2, Census Tract 803.02, Baltimore city, Maryland",612
1500000US245100803023,245100803023,"Block Group 3, Census Tract 803.02, Baltimore city, Maryland",865
1500000US245100803024,245100803024,"Block Group 4, Census Tract 803.02, Baltimore city, Maryland",994
1500000US245100804001,245100804001,"Block Group 1, Census Tract 804, Baltimore city, Maryland",754
1500000US245100804002,245100804002,"Block Group 2, Census Tract 804, Baltimore city, Maryland",810
1500000US245100805001,245100805001,"Block Group 1, Census Tract 805, Baltimore city, Maryland",543
1500000US245100805002,245100805002,"Block Group 2, Census Tract 805, Baltimore city, Maryland",675
1500000US245100805003,245100805003,"Block Group 3, Census Tract 805, Baltimore city, Maryland",486
1500000US245100806001,245100806001,"Block Group 1, Census Tract 806, Baltimore city, Maryland",695
1500000US245100806002,245100806002,"Block Group 2, Census Tract 806, Baltimore city, Maryland",531
1500000US245100806003,245100806003,"Block Group 3, Census Tract 806, Baltimore city, Maryland",452
1500000US245100806004,245100806004,"Block Group 4, Census Tract 806, Baltimore city, Maryland",791
1500000US245100807001,245100807001,"Block Group 1, Census Tract 807, Baltimore city, Maryland",577
1500000US245100807002,245100807002,"Block Group 2, Census Tract 807, Baltimore city, Maryland",560
1500000US245100808001,245100808001,"Block Group 1, Census Tract 808, Baltimore city, Maryland",305
1500000US245100808002,245100808002,"Block Group 2, Census Tract 808, Baltimore city, Maryland",976
1500000US245100901001,245100901001,"Block Group 1, Census Tract 901, Baltimore city, Maryland",1139
1500000US245100901002,245100901002,"Block Group 2, Census Tract 901, Baltimore city, Maryland",687
1500000US245100901003,245100901003,"Block Group 3, Census Tract 901, Baltimore city, Maryland",1074
1500000US245100901004,245100901004,"Block Group 4, Census Tract 901, Baltimore city, Maryland",637
1500000US245100901005,245100901005,"Block Group 5, Census Tract 901, Baltimore city, Maryland",714
1500000US245100902001,245100902001,"Block Group 1, Census Tract 902, Baltimore city, Maryland",1682
1500000US245100902002,245100902002,"Block Group 2, Census Tract 902, Baltimore city, Maryland",1561
1500000US245100903001,245100903001,"Block Group 1, Census Tract 903, Baltimore city, Maryland",548
1500000US245100903002,245100903002,"Block Group 2, Census Tract 903, Baltimore city, Maryland",923
1500000US245100903003,245100903003,"Block Group 3, Census Tract 903, Baltimore city, Maryland",804
1500000US245100903004,245100903004,"Block Group 4, Census Tract 903, Baltimore city, Maryland",1928
1500000US245100904001,245100904001,"Block Group 1, Census Tract 904, Baltimore city, Maryland",1118
1500000US245100904002,245100904002,"Block Group 2, Census Tract 904, Baltimore city, Maryland",468
1500000US245100905001,245100905001,"Block Group 1, Census Tract 905, Baltimore city, Maryland",705
1500000US245100905002,245100905002,"Block Group 2, Census Tract 905, Baltimore city, Maryland",1259
1500000US245100906001,245100906001,"Block Group 1, Census Tract 906, Baltimore city, Maryland",789
1500000US245100906002,245100906002,"Block Group 2, Census Tract 906, Baltimore city, Maryland",1050
1500000US245100906003,245100906003,"Block Group 3, Census Tract 906, Baltimore city, Maryland",591
1500000US245100906004,245100906004,"Block Group 4, Census Tract 906, Baltimore city, Maryland",972
1500000US245100907001,245100907001,"Block Group 1, Census Tract 907, Baltimore city, Maryland",948
1500000US245100907002,245100907002,"Block Group 2, Census Tract 907, Baltimore city, Maryland",605
1500000US245100907003,245100907003,"Block Group 3, Census Tract 907, Baltimore city, Maryland",953
1500000US245100907004,245100907004,"Block Group 4, Census Tract 907, Baltimore city, Maryland",643
1500000US245100908001,245100908001,"Block Group 1, Census Tract 908, Baltimore city, Maryland",520
1500000US245100908002,245100908002,"Block Group 2, Census Tract 908, Baltimore city, Maryland",662
1500000US245100908003,245100908003,"Block Group 3, Census Tract 908, Baltimore city, Maryland",452
1500000US245100908004,245100908004,"Block Group 4, Census Tract 908, Baltimore city, Maryland",1010
1500000US245100908005,245100908005,"Block Group 5, Census Tract 908, Baltimore city, Maryland",429
1500000US245100909001,245100909001,"Block Group 1, Census Tract 909, Baltimore city, Maryland",384
1500000US245100909002,245100909002,"Block Group 2, Census Tract 909, Baltimore city, Maryland",499
1500000US245100909003,245100909003,"Block Group 3, Census Tract 909, Baltimore city, Maryland",627
1500000US245100909004,245100909004,"Block Group 4, Census Tract 909, Baltimore city, Maryland",942
1500000US245101001001,245101001001,"Block Group 1, Census Tract 1001, Baltimore city, Maryland",744
1500000US245101001002,245101001002,"Block Group 2, Census Tract 1001, Baltimore city, Maryland",401
1500000US245101001003,245101001003,"Block Group 3, Census Tract 1001, Baltimore city, Maryland",370
1500000US245101001004,245101001004,"Block Group 4, Census Tract 1001, Baltimore city, Maryland",611
1500000US245101002001,245101002001,"Block Group 1, Census Tract 1002, Baltimore city, Maryland",768
1500000US245101002002,245101002002,"Block Group 2, Census Tract 1002, Baltimore city, Maryland",1416
1500000US245101002003,245101002003,"Block Group 3, Census Tract 1002, Baltimore city, Maryland",583
1500000US245101003001,245101003001,"Block Group 1, Census Tract 1003, Baltimore city, Maryland",5237
1500000US245101101001,245101101001,"Block Group 1, Census Tract 1101, Baltimore city, Maryland",2012
1500000US245101101002,245101101002,"Block Group 2, Census Tract 1101, Baltimore city, Maryland",1211
1500000US245101102001,245101102001,"Block Group 1, Census Tract 1102, Baltimore city, Maryland",1884
1500000US245101102002,245101102002,"Block Group 2, Census Tract 1102, Baltimore city, Maryland",1551
1500000US245101102003,245101102003,"Block Group 3, Census Tract 1102, Baltimore city, Maryland",1637
1500000US245101201001,245101201001,"Block Group 1, Census Tract 1201, Baltimore city, Maryland",1377
1500000US245101201002,245101201002,"Block Group 2, Census Tract 1201, Baltimore city, Maryland",804
1500000US245101201003,245101201003,"Block Group 3, Census Tract 1201, Baltimore city, Maryland",1149
1500000US245101201004,245101201004,"Block Group 4, Census Tract 1201, Baltimore city, Maryland",1460
1500000US245101202011,245101202011,"Block Group 1, Census Tract 1202.01, Baltimore city, Maryland",1144
1500000US245101202012,245101202012,"Block Group 2, Census Tract 1202.01, Baltimore city, Maryland",889
1500000US245101202021,245101202021,"Block Group 1, Census Tract 1202.02, Baltimore city, Maryland",651
1500000US245101202022,245101202022,"Block Group 2, Census Tract 1202.02, Baltimore city, Maryland",760
1500000US245101202023,245101202023,"Block Group 3, Census Tract 1202.02, Baltimore city, Maryland",2070
1500000US245101202024,245101202024,"Block Group 4, Census Tract 1202.02, Baltimore city, Maryland",1466
1500000US245101202025,245101202025,"Block Group 5, Census Tract 1202.02, Baltimore city, Maryland",1277
1500000US245101203001,245101203001,"Block Group 1, Census Tract 1203, Baltimore city, Maryland",854
1500000US245101203002,245101203002,"Block Group 2, Census Tract 1203, Baltimore city, Maryland",768
1500000US245101203003,245101203003,"Block Group 3, Census Tract 1203, Baltimore city, Maryland",750
1500000US245101203004,245101203004,"Block Group 4, Census Tract 1203, Baltimore city, Maryland",1180
1500000US245101204001,245101204001,"Block Group 1, Census Tract 1204, Baltimore city, Maryland",563
1500000US245101204002,245101204002,"Block Group 2, Census Tract 1204, Baltimore city, Maryland",750
1500000US245101205001,245101205001,"Block Group 1, Census Tract 1205, Baltimore city, Maryland",690
1500000US245101205002,245101205002,"Block Group 2, Census Tract 1205, Baltimore city, Maryland",1061
1500000US245101206001,245101206001,"Block Group 1, Census Tract 1206, Baltimore city, Maryland",889
1500000US245101206002,245101206002,"Block Group 2, Census Tract 1206, Baltimore city, Maryland",1227
1500000US245101206003,245101206003,"Block Group 3, Census Tract 1206, Baltimore city, Maryland",1153
1500000US245101207001,245101207001,"Block Group 1, Census Tract 1207, Baltimore city, Maryland",780
1500000US245101207002,245101207002,"Block Group 2, Census Tract 1207, Baltimore city, Maryland",895
1500000US245101207003,245101207003,"Block Group 3, Census Tract 1207, Baltimore city, Maryland",801
1500000US245101301001,245101301001,"Block Group 1, Census Tract 1301, Baltimore city, Maryland",438
1500000US245101301002,245101301002,"Block Group 2, Census Tract 1301, Baltimore city, Maryland",685
1500000US245101301003,245101301003,"Block Group 3, Census Tract 1301, Baltimore city, Maryland",899
1500000US245101301004,245101301004,"Block Group 4, Census Tract 1301, Baltimore city, Maryland",591
1500000US245101302001,245101302001,"Block Group 1, Census Tract 1302, Baltimore city, Maryland",602
1500000US245101302002,245101302002,"Block Group 2, Census Tract 1302, Baltimore city, Maryland",979
1500000US245101302003,245101302003,"Block Group 3, Census Tract 1302, Baltimore city, Maryland",622
1500000US245101302004,245101302004,"Block Group 4, Census Tract 1302, Baltimore city, Maryland",572
1500000US245101303001,245101303001,"Block Group 1, Census Tract 1303, Baltimore city, Maryland",737
1500000US245101303002,245101303002,"Block Group 2, Census Tract 1303, Baltimore city, Maryland",683
1500000US245101303003,245101303003,"Block Group 3, Census Tract 1303, Baltimore city, Maryland",849
1500000US245101304001,245101304001,"Block Group 1, Census Tract 1304, Baltimore city, Maryland",510
1500000US245101304002,245101304002,"Block Group 2, Census Tract 1304, Baltimore city, Maryland",915
1500000US245101304003,245101304003,"Block Group 3, Census Tract 1304, Baltimore city, Maryland",586
1500000US245101306001,245101306001,"Block Group 1, Census Tract 1306, Baltimore city, Maryland",983
1500000US245101306002,245101306002,"Block Group 2, Census Tract 1306, Baltimore city, Maryland",856
1500000US245101306003,245101306003,"Block Group 3, Census Tract 1306, Baltimore city, Maryland",844
1500000US245101306004,245101306004,"Block Group 4, Census Tract 1306, Baltimore city, Maryland",903
1500000US245101307001,245101307001,"Block Group 1, Census Tract 1307, Baltimore city, Maryland",1036
1500000US245101307002,245101307002,"Block Group 2, Census Tract 1307, Baltimore city, Maryland",859
1500000US245101307003,245101307003,"Block Group 3, Census Tract 1307, Baltimore city, Maryland",618
1500000US245101307004,245101307004,"Block Group 4, Census Tract 1307, Baltimore city, Maryland",668
1500000US245101307005,245101307005,"Block Group 5, Census Tract 1307, Baltimore city, Maryland",1122
1500000US245101307006,245101307006,"Block Group 6, Census Tract 1307, Baltimore city, Maryland",889
1500000US245101308031,245101308031,"Block Group 1, Census Tract 1308.03, Baltimore city, Maryland",606
1500000US245101308032,245101308032,"Block Group 2, Census Tract 1308.03, Baltimore city, Maryland",1162
1500000US245101308033,245101308033,"Block Group 3, Census Tract 1308.03, Baltimore city, Maryland",980
1500000US245101308041,245101308041,"Block Group 1, Census Tract 1308.04, Baltimore city, Maryland",888
1500000US245101308042,245101308042,"Block Group 2, Census Tract 1308.04, Baltimore city, Maryland",1067
1500000US245101308051,245101308051,"Block Group 1, Census Tract 1308.05, Baltimore city, Maryland",985
1500000US245101308061,245101308061,"Block Group 1, Census Tract 1308.06, Baltimore city, Maryland",1431
1500000US245101401001,245101401001,"Block Group 1, Census Tract 1401, Baltimore city, Maryland",1326
1500000US245101401002,245101401002,"Block Group 2, Census Tract 1401, Baltimore city, Maryland",1336
1500000US245101401003,245101401003,"Block Group 3, Census Tract 1401, Baltimore city, Maryland",928
1500000US245101401004,245101401004,"Block Group 4, Census Tract 1401, Baltimore city, Maryland",1384
1500000US245101402001,245101402001,"Block Group 1, Census Tract 1402, Baltimore city, Maryland",672
1500000US245101402002,245101402002,"Block Group 2, Census Tract 1402, Baltimore city, Maryland",947
1500000US245101402003,245101402003,"Block Group 3, Census Tract 1402, Baltimore city, Maryland",553
1500000US245101402004,245101402004,"Block Group 4, Census Tract 1402, Baltimore city, Maryland",681
1500000US245101403001,245101403001,"Block Group 1, Census Tract 1403, Baltimore city, Maryland",600
1500000US245101403002,245101403002,"Block Group 2, Census Tract 1403, Baltimore city, Maryland",435
1500000US245101403003,245101403003,"Block Group 3, Census Tract 1403, Baltimore city, Maryland",652
1500000US245101403004,245101403004,"Block Group 4, Census Tract 1403, Baltimore city, Maryland",646
1500000US245101501001,245101501001,"Block Group 1, Census Tract 1501, Baltimore city, Maryland",542
1500000US245101501002,245101501002,"Block Group 2, Census Tract 1501, Baltimore city, Maryland",1199
1500000US245101501003,245101501003,"Block Group 3, Census Tract 1501, Baltimore city, Maryland",1470
1500000US245101502001,245101502001,"Block Group 1, Census Tract 1502, Baltimore city, Maryland",997
1500000US245101502002,245101502002,"Block Group 2, Census Tract 1502, Baltimore city, Maryland",782
1500000US245101502003,245101502003,"Block Group 3, Census Tract 1502, Baltimore city, Maryland",920
1500000US245101503001,245101503001,"Block Group 1, Census Tract 1503, Baltimore city, Maryland",844
1500000US245101503002,245101503002,"Block Group 2, Census Tract 1503, Baltimore city, Maryland",779
1500000US245101503003,245101503003,"Block Group 3, Census Tract 1503, Baltimore city, Maryland",855
1500000US245101504001,245101504001,"Block Group 1, Census Tract 1504, Baltimore city, Maryland",709
1500000US245101504002,245101504002,"Block Group 2, Census Tract 1504, Baltimore city, Maryland",1050
1500000US245101504003,245101504003,"Block Group 3, Census Tract 1504, Baltimore city, Maryland",1965
1500000US245101505001,245101505001,"Block Group 1, Census Tract 1505, Baltimore city, Maryland",805
1500000US245101505002,245101505002,"Block Group 2, Census Tract 1505, Baltimore city, Maryland",738
1500000US245101506001,245101506001,"Block Group 1, Census Tract 1506, Baltimore city, Maryland",747
1500000US245101506002,245101506002,"Block Group 2, Census Tract 1506, Baltimore city, Maryland",663
1500000US245101506003,245101506003,"Block Group 3, Census Tract 1506, Baltimore city, Maryland",676
1500000US245101506004,245101506004,"Block Group 4, Census Tract 1506, Baltimore city, Maryland",413
1500000US245101506005,245101506005,"Block Group 5, Census Tract 1506, Baltimore city, Maryland",913
1500000US245101507011,245101507011,"Block Group 1, Census Tract 1507.01, Baltimore city, Maryland",579
1500000US245101507012,245101507012,"Block Group 2, Census Tract 1507.01, Baltimore city, Maryland",565
1500000US245101507013,245101507013,"Block Group 3, Census Tract 1507.01, Baltimore city, Maryland",552
1500000US245101507021,245101507021,"Block Group 1, Census Tract 1507.02, Baltimore city, Maryland",986
1500000US245101507022,245101507022,"Block Group 2, Census Tract 1507.02, Baltimore city, Maryland",801
1500000US245101507023,245101507023,"Block Group 3, Census Tract 1507.02, Baltimore city, Maryland",572
1500000US245101508001,245101508001,"Block Group 1, Census Tract 1508, Baltimore city, Maryland",776
1500000US245101508002,245101508002,"Block Group 2, Census Tract 1508, Baltimore city, Maryland",812
1500000US245101508003,245101508003,"Block Group 3, Census Tract 1508, Baltimore city, Maryland",976
1500000US245101508004,245101508004,"Block Group 4, Census Tract 1508, Baltimore city, Maryland",573
1500000US245101508005,245101508005,"Block Group 5, Census Tract 1508, Baltimore city, Maryland",514
1500000US245101508006,245101508006,"Block Group 6, Census Tract 1508, Baltimore city, Maryland",572
1500000US245101509001,245101509001,"Block Group 1, Census Tract 1509, Baltimore city, Maryland",1024
1500000US245101509002,245101509002,"Block Group 2, Census Tract 1509, Baltimore city, Maryland",924
1500000US245101509003,245101509003,"Block Group 3, Census Tract 1509, Baltimore city, Maryland",536
1500000US245101509004,245101509004,"Block Group 4, Census Tract 1509, Baltimore city, Maryland",860
1500000US245101510001,245101510001,"Block Group 1, Census Tract 1510, Baltimore city, Maryland",661
1500000US245101510002,245101510002,"Block Group 2, Census Tract 1510, Baltimore city, Maryland",1233
1500000US245101510003,245101510003,"Block Group 3, Census Tract 1510, Baltimore city, Maryland",520
1500000US245101510004,245101510004,"Block Group 4, Census Tract 1510, Baltimore city, Maryland",398
1500000US245101510005,245101510005,"Block Group 5, Census Tract 1510, Baltimore city, Maryland",1173
1500000US245101510006,245101510006,"Block Group 6, Census Tract 1510, Baltimore city, Maryland",672
1500000US245101510007,245101510007,"Block Group 7, Census Tract 1510, Baltimore city, Maryland",557
1500000US245101511001,245101511001,"Block Group 1, Census Tract 1511, Baltimore city, Maryland",776
1500000US245101511002,245101511002,"Block Group 2, Census Tract 1511, Baltimore city, Maryland",2194
1500000US245101511003,245101511003,"Block Group 3, Census Tract 1511, Baltimore city, Maryland",953
1500000US245101511004,245101511004,"Block Group 4, Census Tract 1511, Baltimore city, Maryland",735
1500000US245101511005,245101511005,"Block Group 5, Census Tract 1511, Baltimore city, Maryland",601
1500000US245101511006,245101511006,"Block Group 6, Census Tract 1511, Baltimore city, Maryland",1313
1500000US245101512001,245101512001,"Block Group 1, Census Tract 1512, Baltimore city, Maryland",1630
1500000US245101512002,245101512002,"Block Group 2, Census Tract 1512, Baltimore city, Maryland",385
1500000US245101512003,245101512003,"Block Group 3, Census Tract 1512, Baltimore city, Maryland",815
1500000US245101512004,245101512004,"Block Group 4, Census Tract 1512, Baltimore city, Maryland",564
1500000US245101512005,245101512005,"Block Group 5, Census Tract 1512, Baltimore city, Maryland",821
1500000US245101513001,245101513001,"Block Group 1, Census Tract 1513, Baltimore city, Maryland",1418
1500000US245101513002,245101513002,"Block Group 2, Census Tract 1513, Baltimore city, Maryland",910
1500000US245101513003,245101513003,"Block Group 3, Census Tract 1513, Baltimore city, Maryland",422
1500000US245101513004,245101513004,"Block Group 4, Census Tract 1513, Baltimore city, Maryland",968
1500000US245101513005,245101513005,"Block Group 5, Census Tract 1513, Baltimore city, Maryland",828
1500000US245101601001,245101601001,"Block Group 1, Census Tract 1601, Baltimore city, Maryland",319
1500000US245101601002,245101601002,"Block Group 2, Census Tract 1601, Baltimore city, Maryland",364
1500000US245101601003,245101601003,"Block Group 3, Census Tract 1601, Baltimore city, Maryland",1029
1500000US245101601004,245101601004,"Block Group 4, Census Tract 1601, Baltimore city, Maryland",676
1500000US245101602001,245101602001,"Block Group 1, Census Tract 1602, Baltimore city, Maryland",1186
1500000US245101602002,245101602002,"Block Group 2, Census Tract 1602, Baltimore city, Maryland",435
1500000US245101602003,245101602003,"Block Group 3, Census Tract 1602, Baltimore city, Maryland",894
1500000US245101603001,245101603001,"Block Group 1, Census Tract 1603, Baltimore city, Maryland",941
1500000US245101603002,245101603002,"Block Group 2, Census Tract 1603, Baltimore city, Maryland",617
1500000US245101604001,245101604001,"Block Group 1, Census Tract 1604, Baltimore city, Maryland",473
1500000US245101604002,245101604002,"Block Group 2, Census Tract 1604, Baltimore city, Maryland",886
1500000US245101604003,245101604003,"Block Group 3, Census Tract 1604, Baltimore city, Maryland",508
1500000US245101604004,245101604004,"Block Group 4, Census Tract 1604, Baltimore city, Maryland",658
1500000US245101605001,245101605001,"Block Group 1, Census Tract 1605, Baltimore city, Maryland",1043
1500000US245101605002,245101605002,"Block Group 2, Census Tract 1605, Baltimore city, Maryland",734
1500000US245101605003,245101605003,"Block Group 3, Census Tract 1605, Baltimore city, Maryland",680
1500000US245101605004,245101605004,"Block Group 4, Census Tract 1605, Baltimore city, Maryland",863
1500000US245101605005,245101605005,"Block Group 5, Census Tract 1605, Baltimore city, Maryland",925
1500000US245101606001,245101606001,"Block Group 1, Census Tract 1606, Baltimore city, Maryland",524
1500000US245101606002,245101606002,"Block Group 2, Census Tract 1606, Baltimore city, Maryland",941
1500000US245101606003,245101606003,"Block Group 3, Census Tract 1606, Baltimore city, Maryland",713
1500000US245101606004,245101606004,"Block Group 4, Census Tract 1606, Baltimore city, Maryland",707
1500000US245101606005,245101606005,"Block Group 5, Census Tract 1606, Baltimore city, Maryland",624
1500000US245101607001,245101607001,"Block Group 1, Census Tract 1607, Baltimore city, Maryland",601
1500000US245101607002,245101607002,"Block Group 2, Census Tract 1607, Baltimore city, Maryland",892
1500000US245101607003,245101607003,"Block Group 3, Census Tract 1607, Baltimore city, Maryland",701
1500000US245101607004,245101607004,"Block Group 4, Census Tract 1607, Baltimore city, Maryland",1494
1500000US245101607005,245101607005,"Block Group 5, Census Tract 1607, Baltimore city, Maryland",531
1500000US245101607006,245101607006,"Block Group 6, Census Tract 1607, Baltimore city, Maryland",637
1500000US245101607007,245101607007,"Block Group 7, Census Tract 1607, Baltimore city, Maryland",759
1500000US245101608011,245101608011,"Block Group 1, Census Tract 1608.01, Baltimore city, Maryland",1244
1500000US245101608012,245101608012,"Block Group 2, Census Tract 1608.01, Baltimore city, Maryland",626
1500000US245101608013,245101608013,"Block Group 3, Census Tract 1608.01, Baltimore city, Maryland",654
1500000US245101608014,245101608014,"Block Group 4, Census Tract 1608.01, Baltimore city, Maryland",757
1500000US245101608021,245101608021,"Block Group 1, Census Tract 1608.02, Baltimore city, Maryland",1084
1500000US245101608022,245101608022,"Block Group 2, Census Tract 1608.02, Baltimore city, Maryland",841
1500000US245101608023,245101608023,"Block Group 3, Census Tract 1608.02, Baltimore city, Maryland",1120
1500000US245101701001,245101701001,"Block Group 1, Census Tract 1701, Baltimore city, Maryland",967
1500000US245101701002,245101701002,"Block Group 2, Census Tract 1701, Baltimore city, Maryland",635
1500000US245101702001,245101702001,"Block Group 1, Census Tract 1702, Baltimore city, Maryland",1922
1500000US245101702002,245101702002,"Block Group 2, Census Tract 1702, Baltimore city, Maryland",712
1500000US245101702003,245101702003,"Block Group 3, Census Tract 1702, Baltimore city, Maryland",511
1500000US245101703001,245101703001,"Block Group 1, Census Tract 1703, Baltimore city, Maryland",968
1500000US245101703002,245101703002,"Block Group 2, Census Tract 1703, Baltimore city, Maryland",1043
1500000US245101801001,245101801001,"Block Group 1, Census Tract 1801, Baltimore city, Maryland",1125
1500000US245101801002,245101801002,"Block Group 2, Census Tract 1801, Baltimore city, Maryland",1075
1500000US245101802001,245101802001,"Block Group 1, Census Tract 1802, Baltimore city, Maryland",495
1500000US245101802002,245101802002,"Block Group 2, Census Tract 1802, Baltimore city, Maryland",482
1500000US245101803001,245101803001,"Block Group 1, Census Tract 1803, Baltimore city, Maryland",679
1500000US245101803002,245101803002,"Block Group 2, Census Tract 1803, Baltimore city, Maryland",1230
1500000US245101901001,245101901001,"Block Group 1, Census Tract 1901, Baltimore city, Maryland",410
1500000US245101901002,245101901002,"Block Group 2, Census Tract 1901, Baltimore city, Maryland",695
1500000US245101901003,245101901003,"Block Group 3, Census Tract 1901, Baltimore city, Maryland",790
1500000US245101902001,245101902001,"Block Group 1, Census Tract 1902, Baltimore city, Maryland",762
1500000US245101902002,245101902002,"Block Group 2, Census Tract 1902, Baltimore city, Maryland",1158
1500000US245101903001,245101903001,"Block Group 1, Census Tract 1903, Baltimore city, Maryland",582
1500000US245101903002,245101903002,"Block Group 2, Census Tract 1903, Baltimore city, Maryland",787
1500000US245101903003,245101903003,"Block Group 3, Census Tract 1903, Baltimore city, Maryland",480
1500000US245101903004,245101903004,"Block Group 4, Census Tract 1903, Baltimore city, Maryland",737
1500000US245102001001,245102001001,"Block Group 1, Census Tract 2001, Baltimore city, Maryland",883
1500000US245102001002,245102001002,"Block Group 2, Census Tract 2001, Baltimore city, Maryland",963
1500000US245102002001,245102002001,"Block Group 1, Census Tract 2002, Baltimore city, Maryland",599
1500000US245102002002,245102002002,"Block Group 2, Census Tract 2002, Baltimore city, Maryland",708
1500000US245102002003,245102002003,"Block Group 3, Census Tract 2002, Baltimore city, Maryland",497
1500000US245102002004,245102002004,"Block Group 4, Census Tract 2002, Baltimore city, Maryland",557
1500000US245102002005,245102002005,"Block Group 5, Census Tract 2002, Baltimore city, Maryland",608
1500000US245102003001,245102003001,"Block Group 1, Census Tract 2003, Baltimore city, Maryland",745
1500000US245102003002,245102003002,"Block Group 2, Census Tract 2003, Baltimore city, Maryland",1091
1500000US245102004001,245102004001,"Block Group 1, Census Tract 2004, Baltimore city, Maryland",652
1500000US245102004002,245102004002,"Block Group 2, Census Tract 2004, Baltimore city, Maryland",1039
1500000US245102005001,245102005001,"Block Group 1, Census Tract 2005, Baltimore city, Maryland",428
1500000US245102005002,245102005002,"Block Group 2, Census Tract 2005, Baltimore city, Maryland",539
1500000US245102005003,245102005003,"Block Group 3, Census Tract 2005, Baltimore city, Maryland",617
1500000US245102005004,245102005004,"Block Group 4, Census Tract 2005, Baltimore city, Maryland",862
1500000US245102005005,245102005005,"Block Group 5, Census Tract 2005, Baltimore city, Maryland",696
1500000US245102006001,245102006001,"Block Group 1, Census Tract 2006, Baltimore city, Maryland",1133
1500000US245102006002,245102006002,"Block Group 2, Census Tract 2006, Baltimore city, Maryland",671
1500000US245102006003,245102006003,"Block Group 3, Census Tract 2006, Baltimore city, Maryland",909
1500000US245102007011,245102007011,"Block Group 1, Census Tract 2007.01, Baltimore city, Maryland",743
1500000US245102007012,245102007012,"Block Group 2, Census Tract 2007.01, Baltimore city, Maryland",1049
1500000US245102007013,245102007013,"Block Group 3, Census Tract 2007.01, Baltimore city, Maryland",902
1500000US245102007014,245102007014,"Block Group 4, Census Tract 2007.01, Baltimore city, Maryland",1125
1500000US245102007015,245102007015,"Block Group 5, Census Tract 2007.01, Baltimore city, Maryland",800
1500000US245102007021,245102007021,"Block Group 1, Census Tract 2007.02, Baltimore city, Maryland",557
1500000US245102007022,245102007022,"Block Group 2, Census Tract 2007.02, Baltimore city, Maryland",869
1500000US245102008001,245102008001,"Block Group 1, Census Tract 2008, Baltimore city, Maryland",993
1500000US245102008002,245102008002,"Block Group 2, Census Tract 2008, Baltimore city, Maryland",753
1500000US245102008003,245102008003,"Block Group 3, Census Tract 2008, Baltimore city, Maryland",536
1500000US245102101001,245102101001,"Block Group 1, Census Tract 2101, Baltimore city, Maryland",573
1500000US245102101002,245102101002,"Block Group 2, Census Tract 2101, Baltimore city, Maryland",1557
1500000US245102102001,245102102001,"Block Group 1, Census Tract 2102, Baltimore city, Maryland",1494
1500000US245102102002,245102102002,"Block Group 2, Census Tract 2102, Baltimore city, Maryland",1879
1500000US245102201001,245102201001,"Block Group 1, Census Tract 2201, Baltimore city, Maryland",1241
1500000US245102201002,245102201002,"Block Group 2, Census Tract 2201, Baltimore city, Maryland",1650
1500000US245102201003,245102201003,"Block Group 3, Census Tract 2201, Baltimore city, Maryland",73
1500000US245102201004,245102201004,"Block Group 4, Census Tract 2201, Baltimore city, Maryland",1061
1500000US245102301001,245102301001,"Block Group 1, Census Tract 2301, Baltimore city, Maryland",1037
1500000US245102301002,245102301002,"Block Group 2, Census Tract 2301, Baltimore city, Maryland",916
1500000US245102302001,245102302001,"Block Group 1, Census Tract 2302, Baltimore city, Maryland",890
1500000US245102302002,245102302002,"Block Group 2, Census Tract 2302, Baltimore city, Maryland",1282
1500000US245102303001,245102303001,"Block Group 1, Census Tract 2303, Baltimore city, Maryland",72
1500000US245102303002,245102303002,"Block Group 2, Census Tract 2303, Baltimore city, Maryland",1064
1500000US245102401001,245102401001,"Block Group 1, Census Tract 2401, Baltimore city, Maryland",1580
1500000US245102401002,245102401002,"Block Group 2, Census Tract 2401, Baltimore city, Maryland",1119
1500000US245102402001,245102402001,"Block Group 1, Census Tract 2402, Baltimore city, Maryland",1683
1500000US245102402002,245102402002,"Block Group 2, Census Tract 2402, Baltimore city, Maryland",881
1500000US245102403001,245102403001,"Block Group 1, Census Tract 2403, Baltimore city, Maryland",805
1500000US245102403002,245102403002,"Block Group 2, Census Tract 2403, Baltimore city, Maryland",655
1500000US245102403003,245102403003,"Block Group 3, Census Tract 2403, Baltimore city, Maryland",681
1500000US245102404001,245102404001,"Block Group 1, Census Tract 2404, Baltimore city, Maryland",1056
1500000US245102404002,245102404002,"Block Group 2, Census Tract 2404, Baltimore city, Maryland",314
1500000US245102404003,245102404003,"Block Group 3, Census Tract 2404, Baltimore city, Maryland",1201
1500000US245102501011,245102501011,"Block Group 1, Census Tract 2501.01, Baltimore city, Maryland",1101
1500000US245102501012,245102501012,"Block Group 2, Census Tract 2501.01, Baltimore city, Maryland",2525
1500000US245102501021,245102501021,"Block Group 1, Census Tract 2501.02, Baltimore city, Maryland",1111
1500000US245102501022,245102501022,"Block Group 2, Census Tract 2501.02, Baltimore city, Maryland",1799
1500000US245102501031,245102501031,"Block Group 1, Census Tract 2501.03, Baltimore city, Maryland",1452
1500000US245102501032,245102501032,"Block Group 2, Census Tract 2501.03, Baltimore city, Maryland",839
1500000US245102501033,245102501033,"Block Group 3, Census Tract 2501.03, Baltimore city, Maryland",850
1500000US245102501034,245102501034,"Block Group 4, Census Tract 2501.03, Baltimore city, Maryland",909
1500000US245102502031,245102502031,"Block Group 1, Census Tract 2502.03, Baltimore city, Maryland",975
1500000US245102502032,245102502032,"Block Group 2, Census Tract 2502.03, Baltimore city, Maryland",1043
1500000US245102502041,245102502041,"Block Group 1, Census Tract 2502.04, Baltimore city, Maryland",1538
1500000US245102502042,245102502042,"Block Group 2, Census Tract 2502.04, Baltimore city, Maryland",2587
1500000US245102502051,245102502051,"Block Group 1, Census Tract 2502.05, Baltimore city, Maryland",195
1500000US245102502052,245102502052,"Block Group 2, Census Tract 2502.05, Baltimore city, Maryland",1381
1500000US245102502053,245102502053,"Block Group 3, Census Tract 2502.05, Baltimore city, Maryland",893
1500000US245102502054,245102502054,"Block Group 4, Census Tract 2502.05, Baltimore city, Maryland",1327
1500000US245102502055,245102502055,"Block Group 5, Census Tract 2502.05, Baltimore city, Maryland",893
1500000US245102502061,245102502061,"Block Group 1, Census Tract 2502.06, Baltimore city, Maryland",810
1500000US245102502062,245102502062,"Block Group 2, Census Tract 2502.06, Baltimore city, Maryland",902
1500000US245102502063,245102502063,"Block Group 3, Census Tract 2502.06, Baltimore city, Maryland",878
1500000US245102502071,245102502071,"Block Group 1, Census Tract 2502.07, Baltimore city, Maryland",1206
1500000US245102502072,245102502072,"Block Group 2, Census Tract 2502.07, Baltimore city, Maryland",853
1500000US245102503011,245102503011,"Block Group 1, Census Tract 2503.01, Baltimore city, Maryland",985
1500000US245102503012,245102503012,"Block Group 2, Census Tract 2503.01, Baltimore city, Maryland",1445
1500000US245102503031,245102503031,"Block Group 1, Census Tract 2503.03, Baltimore city, Maryland",661
1500000US245102503032,245102503032,"Block Group 2, Census Tract 2503.03, Baltimore city, Maryland",1021
1500000US245102503033,245102503033,"Block Group 3, Census Tract 2503.03, Baltimore city, Maryland",642
1500000US245102504011,245102504011,"Block Group 1, Census Tract 2504.01, Baltimore city, Maryland",1637
1500000US245102504012,245102504012,"Block Group 2, Census Tract 2504.01, Baltimore city, Maryland",936
1500000US245102504013,245102504013,"Block Group 3, Census Tract 2504.01, Baltimore city, Maryland",1250
1500000US245102504021,245102504021,"Block Group 1, Census Tract 2504.02, Baltimore city, Maryland",1390
1500000US245102504022,245102504022,"Block Group 2, Census Tract 2504.02, Baltimore city, Maryland",995
1500000US245102504023,245102504023,"Block Group 3, Census Tract 2504.02, Baltimore city, Maryland",1404
1500000US245102504024,245102504024,"Block Group 4, Census Tract 2504.02, Baltimore city, Maryland",1141
1500000US245102505001,245102505001,"Block Group 1, Census Tract 2505, Baltimore city, Maryland",2
1500000US245102505002,245102505002,"Block Group 2, Census Tract 2505, Baltimore city, Maryland",122
1500000US245102505003,245102505003,"Block Group 3, Census Tract 2505, Baltimore city, Maryland",2156
1500000US245102505004,245102505004,"Block Group 4, Census Tract 2505, Baltimore city, Maryland",1301
1500000US245102505005,245102505005,"Block Group 5, Census Tract 2505, Baltimore city, Maryland",1887
1500000US245102506001,245102506001,"Block Group 1, Census Tract 2506, Baltimore city, Maryland",22
1500000US245102601011,245102601011,"Block Group 1, Census Tract 2601.01, Baltimore city, Maryland",837
1500000US245102601012,245102601012,"Block Group 2, Census Tract 2601.01, Baltimore city, Maryland",835
1500000US245102601013,245102601013,"Block Group 3, Census Tract 2601.01, Baltimore city, Maryland",1302
1500000US245102601014,245102601014,"Block Group 4, Census Tract 2601.01, Baltimore city, Maryland",740
1500000US245102601015,245102601015,"Block Group 5, Census Tract 2601.01, Baltimore city, Maryland",1049
1500000US245102601021,245102601021,"Block Group 1, Census Tract 2601.02, Baltimore city, Maryland",1123
1500000US245102601022,245102601022,"Block Group 2, Census Tract 2601.02, Baltimore city, Maryland",840
1500000US245102601023,245102601023,"Block Group 3, Census Tract 2601.02, Baltimore city, Maryland",649
1500000US245102601024,245102601024,"Block Group 4, Census Tract 2601.02, Baltimore city, Maryland",922
1500000US245102601025,245102601025,"Block Group 5, Census Tract 2601.02, Baltimore city, Maryland",1377
1500000US245102602011,245102602011,"Block Group 1, Census Tract 2602.01, Baltimore city, Maryland",1042
1500000US245102602012,245102602012,"Block Group 2, Census Tract 2602.01, Baltimore city, Maryland",981
1500000US245102602013,245102602013,"Block Group 3, Census Tract 2602.01, Baltimore city, Maryland",824
1500000US245102602014,245102602014,"Block Group 4, Census Tract 2602.01, Baltimore city, Maryland",2269
1500000US245102602021,245102602021,"Block Group 1, Census Tract 2602.02, Baltimore city, Maryland",652
1500000US245102602022,245102602022,"Block Group 2, Census Tract 2602.02, Baltimore city, Maryland",2308
1500000US245102602023,245102602023,"Block Group 3, Census Tract 2602.02, Baltimore city, Maryland",1733
1500000US245102602024,245102602024,"Block Group 4, Census Tract 2602.02, Baltimore city, Maryland",1244
1500000US245102602031,245102602031,"Block Group 1, Census Tract 2602.03, Baltimore city, Maryland",1870
1500000US245102602032,245102602032,"Block Group 2, Census Tract 2602.03, Baltimore city, Maryland",960
1500000US245102603011,245102603011,"Block Group 1, Census Tract 2603.01, Baltimore city, Maryland",843
1500000US245102603012,245102603012,"Block Group 2, Census Tract 2603.01, Baltimore city, Maryland",1043
1500000US245102603013,245102603013,"Block Group 3, Census Tract 2603.01, Baltimore city, Maryland",824
1500000US245102603014,245102603014,"Block Group 4, Census Tract 2603.01, Baltimore city, Maryland",773
1500000US245102603015,245102603015,"Block Group 5, Census Tract 2603.01, Baltimore city, Maryland",1450
1500000US245102603021,245102603021,"Block Group 1, Census Tract 2603.02, Baltimore city, Maryland",649
1500000US245102603022,245102603022,"Block Group 2, Census Tract 2603.02, Baltimore city, Maryland",910
1500000US245102603023,245102603023,"Block Group 3, Census Tract 2603.02, Baltimore city, Maryland",791
1500000US245102603024,245102603024,"Block Group 4, Census Tract 2603.02, Baltimore city, Maryland",1958
1500000US245102603025,245102603025,"Block Group 5, Census Tract 2603.02, Baltimore city, Maryland",728
1500000US245102603026,245102603026,"Block Group 6, Census Tract 2603.02, Baltimore city, Maryland",1058
1500000US245102603031,245102603031,"Block Group 1, Census Tract 2603.03, Baltimore city, Maryland",778
1500000US245102604011,245102604011,"Block Group 1, Census Tract 2604.01, Baltimore city, Maryland",1044
1500000US245102604012,245102604012,"Block Group 2, Census Tract 2604.01, Baltimore city, Maryland",1641
1500000US245102604013,245102604013,"Block Group 3, Census Tract 2604.01, Baltimore city, Maryland",545
1500000US245102604021,245102604021,"Block Group 1, Census Tract 2604.02, Baltimore city, Maryland",1496
1500000US245102604022,245102604022,"Block Group 2, Census Tract 2604.02, Baltimore city, Maryland",1152
1500000US245102604031,245102604031,"Block Group 1, Census Tract 2604.03, Baltimore city, Maryland",1536
1500000US245102604032,245102604032,"Block Group 2, Census Tract 2604.03, Baltimore city, Maryland",39
1500000US245102604041,245102604041,"Block Group 1, Census Tract 2604.04, Baltimore city, Maryland",14
1500000US245102604042,245102604042,"Block Group 2, Census Tract 2604.04, Baltimore city, Maryland",580
1500000US245102604043,245102604043,"Block Group 3, Census Tract 2604.04, Baltimore city, Maryland",1402
1500000US245102605011,245102605011,"Block Group 1, Census Tract 2605.01, Baltimore city, Maryland",2367
1500000US245102605012,245102605012,"Block Group 2, Census Tract 2605.01, Baltimore city, Maryland",1494
1500000US245102605013,245102605013,"Block Group 3, Census Tract 2605.01, Baltimore city, Maryland",1014
1500000US245102606041,245102606041,"Block Group 1, Census Tract 2606.04, Baltimore city, Maryland",597
1500000US245102606042,245102606042,"Block Group 2, Census Tract 2606.04, Baltimore city, Maryland",417
1500000US245102606043,245102606043,"Block Group 3, Census Tract 2606.04, Baltimore city, Maryland",451
1500000US245102606051,245102606051,"Block Group 1, Census Tract 2606.05, Baltimore city, Maryland",1197
1500000US245102606052,245102606052,"Block Group 2, Census Tract 2606.05, Baltimore city, Maryland",1726
1500000US245102606053,245102606053,"Block Group 3, Census Tract 2606.05, Baltimore city, Maryland",1127
1500000US245102606054,245102606054,"Block Group 4, Census Tract 2606.05, Baltimore city, Maryland",608
1500000US245102606055,245102606055,"Block Group 5, Census Tract 2606.05, Baltimore city, Maryland",120
1500000US245102606056,245102606056,"Block Group 6, Census Tract 2606.05, Baltimore city, Maryland",17
1500000US245102607001,245102607001,"Block Group 1, Census Tract 2607, Baltimore city, Maryland",1116
1500000US245102607002,245102607002,"Block Group 2, Census Tract 2607, Baltimore city, Maryland",1144
1500000US245102608001,245102608001,"Block Group 1, Census Tract 2608, Baltimore city, Maryland",1412
1500000US245102608002,245102608002,"Block Group 2, Census Tract 2608, Baltimore city, Maryland",1235
1500000US245102609001,245102609001,"Block Group 1, Census Tract 2609, Baltimore city, Maryland",958
1500000US245102609002,245102609002,"Block Group 2, Census Tract 2609, Baltimore city, Maryland",868
1500000US245102609003,245102609003,"Block Group 3, Census Tract 2609, Baltimore city, Maryland",826
1500000US245102610001,245102610001,"Block Group 1, Census Tract 2610, Baltimore city, Maryland",728
1500000US245102610002,245102610002,"Block Group 2, Census Tract 2610, Baltimore city, Maryland",693
1500000US245102610003,245102610003,"Block Group 3, Census Tract 2610, Baltimore city, Maryland",795
1500000US245102610004,245102610004,"Block Group 4, Census Tract 2610, Baltimore city, Maryland",1037
1500000US245102611001,245102611001,"Block Group 1, Census Tract 2611, Baltimore city, Maryland",816
1500000US245102611002,245102611002,"Block Group 2, Census Tract 2611, Baltimore city, Maryland",1135
1500000US245102701011,245102701011,"Block Group 1, Census Tract 2701.01, Baltimore city, Maryland",720
1500000US245102701012,245102701012,"Block Group 2, Census Tract 2701.01, Baltimore city, Maryland",978
1500000US245102701021,245102701021,"Block Group 1, Census Tract 2701.02, Baltimore city, Maryland",797
1500000US245102701022,245102701022,"Block Group 2, Census Tract 2701.02, Baltimore city, Maryland",836
1500000US245102701023,245102701023,"Block Group 3, Census Tract 2701.02, Baltimore city, Maryland",938
1500000US245102701024,245102701024,"Block Group 4, Census Tract 2701.02, Baltimore city, Maryland",1178
1500000US245102702001,245102702001,"Block Group 1, Census Tract 2702, Baltimore city, Maryland",595
1500000US245102702002,245102702002,"Block Group 2, Census Tract 2702, Baltimore city, Maryland",671
1500000US245102702003,245102702003,"Block Group 3, Census Tract 2702, Baltimore city, Maryland",648
1500000US245102703011,245102703011,"Block Group 1, Census Tract 2703.01, Baltimore city, Maryland",667
1500000US245102703012,245102703012,"Block Group 2, Census Tract 2703.01, Baltimore city, Maryland",794
1500000US245102703013,245102703013,"Block Group 3, Census Tract 2703.01, Baltimore city, Maryland",578
1500000US245102703014,245102703014,"Block Group 4, Census Tract 2703.01, Baltimore city, Maryland",1109
1500000US245102703021,245102703021,"Block Group 1, Census Tract 2703.02, Baltimore city, Maryland",875
1500000US245102703022,245102703022,"Block Group 2, Census Tract 2703.02, Baltimore city, Maryland",889
1500000US245102704011,245102704011,"Block Group 1, Census Tract 2704.01, Baltimore city, Maryland",1969
1500000US245102704012,245102704012,"Block Group 2, Census Tract 2704.01, Baltimore city, Maryland",1420
1500000US245102704013,245102704013,"Block Group 3, Census Tract 2704.01, Baltimore city, Maryland",1199
1500000US245102704014,245102704014,"Block Group 4, Census Tract 2704.01, Baltimore city, Maryland",824
1500000US245102704021,245102704021,"Block Group 1, Census Tract 2704.02, Baltimore city, Maryland",677
1500000US245102704022,245102704022,"Block Group 2, Census Tract 2704.02, Baltimore city, Maryland",701
1500000US245102704023,245102704023,"Block Group 3, Census Tract 2704.02, Baltimore city, Maryland",641
1500000US245102704024,245102704024,"Block Group 4, Census Tract 2704.02, Baltimore city, Maryland",1210
1500000US245102705011,245102705011,"Block Group 1, Census Tract 2705.01, Baltimore city, Maryland",754
1500000US245102705012,245102705012,"Block Group 2, Census Tract 2705.01, Baltimore city, Maryland",901
1500000US245102705013,245102705013,"Block Group 3, Census Tract 2705.01, Baltimore city, Maryland",1180
1500000US245102705014,245102705014,"Block Group 4, Census Tract 2705.01, Baltimore city, Maryland",1585
1500000US245102705021,245102705021,"Block Group 1, Census Tract 2705.02, Baltimore city, Maryland",995
1500000US245102705022,245102705022,"Block Group 2, Census Tract 2705.02, Baltimore city, Maryland",1308
1500000US245102705023,245102705023,"Block Group 3, Census Tract 2705.02, Baltimore city, Maryland",970
1500000US245102705024,245102705024,"Block Group 4, Census Tract 2705.02, Baltimore city, Maryland",1088
1500000US245102706001,245102706001,"Block Group 1, Census Tract 2706, Baltimore city, Maryland",542
1500000US245102706002,245102706002,"Block Group 2, Census Tract 2706, Baltimore city, Maryland",865
1500000US245102706003,245102706003,"Block Group 3, Census Tract 2706, Baltimore city, Maryland",971
1500000US245102706004,245102706004,"Block Group 4, Census Tract 2706, Baltimore city, Maryland",947
1500000US245102706005,245102706005,"Block Group 5, Census Tract 2706, Baltimore city, Maryland",638
1500000US245102706006,245102706006,"Block Group 6, Census Tract 2706, Baltimore city, Maryland",642
1500000US245102707011,245102707011,"Block Group 1, Census Tract 2707.01, Baltimore city, Maryland",2583
1500000US245102707021,245102707021,"Block Group 1, Census Tract 2707.02, Baltimore city, Maryland",685
1500000US245102707022,245102707022,"Block Group 2, Census Tract 2707.02, Baltimore city, Maryland",824
1500000US245102707023,245102707023,"Block Group 3, Census Tract 2707.02, Baltimore city, Maryland",824
1500000US245102707031,245102707031,"Block Group 1, Census Tract 2707.03, Baltimore city, Maryland",933
1500000US245102707032,245102707032,"Block Group 2, Census Tract 2707.03, Baltimore city, Maryland",993
1500000US245102707033,245102707033,"Block Group 3, Census Tract 2707.03, Baltimore city, Maryland",972
1500000US245102708011,245102708011,"Block Group 1, Census Tract 2708.01, Baltimore city, Maryland",954
1500000US245102708012,245102708012,"Block Group 2, Census Tract 2708.01, Baltimore city, Maryland",943
1500000US245102708013,245102708013,"Block Group 3, Census Tract 2708.01, Baltimore city, Maryland",897
1500000US245102708014,245102708014,"Block Group 4, Census Tract 2708.01, Baltimore city, Maryland",1257
1500000US245102708021,245102708021,"Block Group 1, Census Tract 2708.02, Baltimore city, Maryland",856
1500000US245102708022,245102708022,"Block Group 2, Census Tract 2708.02, Baltimore city, Maryland",1162
1500000US245102708023,245102708023,"Block Group 3, Census Tract 2708.02, Baltimore city, Maryland",759
1500000US245102708024,245102708024,"Block Group 4, Census Tract 2708.02, Baltimore city, Maryland",1370
1500000US245102708025,245102708025,"Block Group 5, Census Tract 2708.02, Baltimore city, Maryland",845
1500000US245102708031,245102708031,"Block Group 1, Census Tract 2708.03, Baltimore city, Maryland",2571
1500000US245102708032,245102708032,"Block Group 2, Census Tract 2708.03, Baltimore city, Maryland",1679
1500000US245102708033,245102708033,"Block Group 3, Census Tract 2708.03, Baltimore city, Maryland",2018
1500000US245102708041,245102708041,"Block Group 1, Census Tract 2708.04, Baltimore city, Maryland",976
1500000US245102708042,245102708042,"Block Group 2, Census Tract 2708.04, Baltimore city, Maryland",589
1500000US245102708043,245102708043,"Block Group 3, Census Tract 2708.04, Baltimore city, Maryland",632
1500000US245102708044,245102708044,"Block Group 4, Census Tract 2708.04, Baltimore city, Maryland",607
1500000US245102708051,245102708051,"Block Group 1, Census Tract 2708.05, Baltimore city, Maryland",1038
1500000US245102708052,245102708052,"Block Group 2, Census Tract 2708.05, Baltimore city, Maryland",924
1500000US245102708053,245102708053,"Block Group 3, Census Tract 2708.05, Baltimore city, Maryland",1011
1500000US245102708054,245102708054,"Block Group 4, Census Tract 2708.05, Baltimore city, Maryland",988
1500000US245102708055,245102708055,"Block Group 5, Census Tract 2708.05, Baltimore city, Maryland",991
1500000US245102709011,245102709011,"Block Group 1, Census Tract 2709.01, Baltimore city, Maryland",955
1500000US245102709012,245102709012,"Block Group 2, Census Tract 2709.01, Baltimore city, Maryland",1128
1500000US245102709013,245102709013,"Block Group 3, Census Tract 2709.01, Baltimore city, Maryland",1960
1500000US245102709021,245102709021,"Block Group 1, Census Tract 2709.02, Baltimore city, Maryland",1871
1500000US245102709022,245102709022,"Block Group 2, Census Tract 2709.02, Baltimore city, Maryland",1339
1500000US245102709023,245102709023,"Block Group 3, Census Tract 2709.02, Baltimore city, Maryland",1544
1500000US245102709031,245102709031,"Block Group 1, Census Tract 2709.03, Baltimore city, Maryland",2460
1500000US245102709032,245102709032,"Block Group 2, Census Tract 2709.03, Baltimore city, Maryland",1248
1500000US245102709033,245102709033,"Block Group 3, Census Tract 2709.03, Baltimore city, Maryland",895
1500000US245102710011,245102710011,"Block Group 1, Census Tract 2710.01, Baltimore city, Maryland",819
1500000US245102710012,245102710012,"Block Group 2, Census Tract 2710.01, Baltimore city, Maryland",558
1500000US245102710013,245102710013,"Block Group 3, Census Tract 2710.01, Baltimore city, Maryland",921
1500000US245102710021,245102710021,"Block Group 1, Census Tract 2710.02, Baltimore city, Maryland",1206
1500000US245102710022,245102710022,"Block Group 2, Census Tract 2710.02, Baltimore city, Maryland",676
1500000US245102710023,245102710023,"Block Group 3, Census Tract 2710.02, Baltimore city, Maryland",566
1500000US245102710024,245102710024,"Block Group 4, Census Tract 2710.02, Baltimore city, Maryland",775
1500000US245102710025,245102710025,"Block Group 5, Census Tract 2710.02, Baltimore city, Maryland",909
1500000US245102711011,245102711011,"Block Group 1, Census Tract 2711.01, Baltimore city, Maryland",1045
1500000US245102711012,245102711012,"Block Group 2, Census Tract 2711.01, Baltimore city, Maryland",15
1500000US245102711013,245102711013,"Block Group 3, Census Tract 2711.01, Baltimore city, Maryland",986
1500000US245102711021,245102711021,"Block Group 1, Census Tract 2711.02, Baltimore city, Maryland",3636
1500000US245102711022,245102711022,"Block Group 2, Census Tract 2711.02, Baltimore city, Maryland",889
1500000US245102712001,245102712001,"Block Group 1, Census Tract 2712, Baltimore city, Maryland",660
1500000US245102712002,245102712002,"Block Group 2, Census Tract 2712, Baltimore city, Maryland",1231
1500000US245102712003,245102712003,"Block Group 3, Census Tract 2712, Baltimore city, Maryland",974
1500000US245102712004,245102712004,"Block Group 4, Census Tract 2712, Baltimore city, Maryland",932
1500000US245102712005,245102712005,"Block Group 5, Census Tract 2712, Baltimore city, Maryland",1008
1500000US245102712006,245102712006,"Block Group 6, Census Tract 2712, Baltimore city, Maryland",1298
1500000US245102713001,245102713001,"Block Group 1, Census Tract 2713, Baltimore city, Maryland",1426
1500000US245102713002,245102713002,"Block Group 2, Census Tract 2713, Baltimore city, Maryland",558
1500000US245102713003,245102713003,"Block Group 3, Census Tract 2713, Baltimore city, Maryland",807
1500000US245102714001,245102714001,"Block Group 1, Census Tract 2714, Baltimore city, Maryland",836
1500000US245102714002,245102714002,"Block Group 2, Census Tract 2714, Baltimore city, Maryland",1237
1500000US245102714003,245102714003,"Block Group 3, Census Tract 2714, Baltimore city, Maryland",1657
1500000US245102715011,245102715011,"Block Group 1, Census Tract 2715.01, Baltimore city, Maryland",708
1500000US245102715012,245102715012,"Block Group 2, Census Tract 2715.01, Baltimore city, Maryland",525
1500000US245102715013,245102715013,"Block Group 3, Census Tract 2715.01, Baltimore city, Maryland",693
1500000US245102715014,245102715014,"Block Group 4, Census Tract 2715.01, Baltimore city, Maryland",1050
1500000US245102715015,245102715015,"Block Group 5, Census Tract 2715.01, Baltimore city, Maryland",1207
1500000US245102715031,245102715031,"Block Group 1, Census Tract 2715.03, Baltimore city, Maryland",856
1500000US245102716001,245102716001,"Block Group 1, Census Tract 2716, Baltimore city, Maryland",773
1500000US245102716002,245102716002,"Block Group 2, Census Tract 2716, Baltimore city, Maryland",884
1500000US245102716003,245102716003,"Block Group 3, Census Tract 2716, Baltimore city, Maryland",740
1500000US245102716004,245102716004,"Block Group 4, Census Tract 2716, Baltimore city, Maryland",870
1500000US245102716005,245102716005,"Block Group 5, Census Tract 2716, Baltimore city, Maryland",466
1500000US245102716006,245102716006,"Block Group 6, Census Tract 2716, Baltimore city, Maryland",790
1500000US245102717001,245102717001,"Block Group 1, Census Tract 2717, Baltimore city, Maryland",452
1500000US245102717002,245102717002,"Block Group 2, Census Tract 2717, Baltimore city, Maryland",940
1500000US245102717003,245102717003,"Block Group 3, Census Tract 2717, Baltimore city, Maryland",971
1500000US245102717004,245102717004,"Block Group 4, Census Tract 2717, Baltimore city, Maryland",1402
1500000US245102717005,245102717005,"Block Group 5, Census Tract 2717, Baltimore city, Maryland",1340
1500000US245102717006,245102717006,"Block Group 6, Census Tract 2717, Baltimore city, Maryland",543
1500000US245102718011,245102718011,"Block Group 1, Census Tract 2718.01, Baltimore city, Maryland",783
1500000US245102718012,245102718012,"Block Group 2, Census Tract 2718.01, Baltimore city, Maryland",1046
1500000US245102718013,245102718013,"Block Group 3, Census Tract 2718.01, Baltimore city, Maryland",1346
1500000US245102718021,245102718021,"Block Group 1, Census Tract 2718.02, Baltimore city, Maryland",458
1500000US245102718022,245102718022,"Block Group 2, Census Tract 2718.02, Baltimore city, Maryland",608
1500000US245102718023,245102718023,"Block Group 3, Census Tract 2718.02, Baltimore city, Maryland",717
1500000US245102718024,245102718024,"Block Group 4, Census Tract 2718.02, Baltimore city, Maryland",1210
1500000US245102719001,245102719001,"Block Group 1, Census Tract 2719, Baltimore city, Maryland",746
1500000US245102719002,245102719002,"Block Group 2, Census Tract 2719, Baltimore city, Maryland",672
1500000US245102719003,245102719003,"Block Group 3, Census Tract 2719, Baltimore city, Maryland",829
1500000US245102719004,245102719004,"Block Group 4, Census Tract 2719, Baltimore city, Maryland",733
1500000US245102719005,245102719005,"Block Group 5, Census Tract 2719, Baltimore city, Maryland",793
1500000US245102720031,245102720031,"Block Group 1, Census Tract 2720.03, Baltimore city, Maryland",810
1500000US245102720032,245102720032,"Block Group 2, Census Tract 2720.03, Baltimore city, Maryland",831
1500000US245102720033,245102720033,"Block Group 3, Census Tract 2720.03, Baltimore city, Maryland",1494
1500000US245102720034,245102720034,"Block Group 4, Census Tract 2720.03, Baltimore city, Maryland",1818
1500000US245102720035,245102720035,"Block Group 5, Census Tract 2720.03, Baltimore city, Maryland",864
1500000US245102720041,245102720041,"Block Group 1, Census Tract 2720.04, Baltimore city, Maryland",1667
1500000US245102720042,245102720042,"Block Group 2, Census Tract 2720.04, Baltimore city, Maryland",2121
1500000US245102720051,245102720051,"Block Group 1, Census Tract 2720.05, Baltimore city, Maryland",1121
1500000US245102720052,245102720052,"Block Group 2, Census Tract 2720.05, Baltimore city, Maryland",930
1500000US245102720053,245102720053,"Block Group 3, Census Tract 2720.05, Baltimore city, Maryland",1378
1500000US245102720061,245102720061,"Block Group 1, Census Tract 2720.06, Baltimore city, Maryland",2229
1500000US245102720062,245102720062,"Block Group 2, Census Tract 2720.06, Baltimore city, Maryland",1319
1500000US245102720071,245102720071,"Block Group 1, Census Tract 2720.07, Baltimore city, Maryland",2390
1500000US245102720072,245102720072,"Block Group 2, Census Tract 2720.07, Baltimore city, Maryland",1144
1500000US245102720073,245102720073,"Block Group 3, Census Tract 2720.07, Baltimore city, Maryland",833
1500000US245102801011,245102801011,"Block Group 1, Census Tract 2801.01, Baltimore city, Maryland",873
1500000US245102801012,245102801012,"Block Group 2, Census Tract 2801.01, Baltimore city, Maryland",1295
1500000US245102801013,245102801013,"Block Group 3, Census Tract 2801.01, Baltimore city, Maryland",1058
1500000US245102801021,245102801021,"Block Group 1, Census Tract 2801.02, Baltimore city, Maryland",400
1500000US245102801022,245102801022,"Block Group 2, Census Tract 2801.02, Baltimore city, Maryland",1026
1500000US245102801023,245102801023,"Block Group 3, Census Tract 2801.02, Baltimore city, Maryland",988
1500000US245102801024,245102801024,"Block Group 4, Census Tract 2801.02, Baltimore city, Maryland",1541
1500000US245102801025,245102801025,"Block Group 5, Census Tract 2801.02, Baltimore city, Maryland",1322
1500000US245102801026,245102801026,"Block Group 6, Census Tract 2801.02, Baltimore city, Maryland",768
1500000US245102802001,245102802001,"Block Group 1, Census Tract 2802, Baltimore city, Maryland",1170
1500000US245102802002,245102802002,"Block Group 2, Census Tract 2802, Baltimore city, Maryland",592
1500000US245102802003,245102802003,"Block Group 3, Census Tract 2802, Baltimore city, Maryland",620
1500000US245102802004,245102802004,"Block Group 4, Census Tract 2802, Baltimore city, Maryland",813
1500000US245102802005,245102802005,"Block Group 5, Census Tract 2802, Baltimore city, Maryland",859
1500000US245102802006,245102802006,"Block Group 6, Census Tract 2802, Baltimore city, Maryland",774
1500000US245102803011,245102803011,"Block Group 1, Census Tract 2803.01, Baltimore city, Maryland",1042
1500000US245102803012,245102803012,"Block Group 2, Census Tract 2803.01, Baltimore city, Maryland",1136
1500000US245102803013,245102803013,"Block Group 3, Census Tract 2803.01, Baltimore city, Maryland",1923
1500000US245102803021,245102803021,"Block Group 1, Census Tract 2803.02, Baltimore city, Maryland",1328
1500000US245102803022,245102803022,"Block Group 2, Census Tract 2803.02, Baltimore city, Maryland",954
1500000US245102804011,245102804011,"Block Group 1, Census Tract 2804.01, Baltimore city, Maryland",753
1500000US245102804012,245102804012,"Block Group 2, Census Tract 2804.01, Baltimore city, Maryland",599
1500000US245102804013,245102804013,"Block Group 3, Census Tract 2804.01, Baltimore city, Maryland",711
1500000US245102804014,245102804014,"Block Group 4, Census Tract 2804.01, Baltimore city, Maryland",922
1500000US245102804015,245102804015,"Block Group 5, Census Tract 2804.01, Baltimore city, Maryland",580
1500000US245102804021,245102804021,"Block Group 1, Census Tract 2804.02, Baltimore city, Maryland",473
1500000US245102804022,245102804022,"Block Group 2, Census Tract 2804.02, Baltimore city, Maryland",1101
1500000US245102804031,245102804031,"Block Group 1, Census Tract 2804.03, Baltimore city, Maryland",958
1500000US245102804032,245102804032,"Block Group 2, Census Tract 2804.03, Baltimore city, Maryland",1006
1500000US245102804033,245102804033,"Block Group 3, Census Tract 2804.03, Baltimore city, Maryland",1872
1500000US245102804034,245102804034,"Block Group 4, Census Tract 2804.03, Baltimore city, Maryland",580
1500000US245102804035,245102804035,"Block Group 5, Census Tract 2804.03, Baltimore city, Maryland",657
1500000US245102804041,245102804041,"Block Group 1, Census Tract 2804.04, Baltimore city, Maryland",2257
1500000US245102804042,245102804042,"Block Group 2, Census Tract 2804.04, Baltimore city, Maryland",10
1500000US245102805001,245102805001,"Block Group 1, Census Tract 2805, Baltimore city, Maryland",882
1500000US245102805002,245102805002,"Block Group 2, Census Tract 2805, Baltimore city, Maryland",1767
1500000US245102805003,245102805003,"Block Group 3, Census Tract 2805, Baltimore city, Maryland",507
1500000US245102805004,245102805004,"Block Group 4, Census Tract 2805, Baltimore city, Maryland",393
